date,cases,probable_cases,hospitalizations,deaths
2020-02-29,1,0,1,0
2020-03-01,0,0,1,0
2020-03-02,0,0,2,0
2020-03-03,1,0,7,0
2020-03-04,5,0,2,0
2020-03-05,3,0,14,0
2020-03-06,8,0,8,0
2020-03-07,7,0,8,0
2020-03-08,21,0,18,0
2020-03-09,57,0,37,0
2020-03-10,69,0,60,0
2020-03-11,155,0,78,1
2020-03-12,355,0,106,0
2020-03-13,619,0,152,0
2020-03-14,642,1,177,3
2020-03-15,1034,0,210,4
2020-03-16,2121,2,338,9
2020-03-17,2451,4,385,12
2020-03-18,2971,5,494,24
2020-03-19,3706,4,631,27
2020-03-20,4007,3,738,49
2020-03-21,2639,7,734,51
2020-03-22,2580,4,773,52
2020-03-23,3570,15,1131,96
2020-03-24,4497,12,1301,107
2020-03-25,4873,18,1434,143
2020-03-26,5044,44,1535,229
2020-03-27,5119,46,1585,262
2020-03-28,3478,51,1394,323
2020-03-29,3560,66,1509,356
2020-03-30,6129,92,1858,414
2020-03-31,5458,89,1816,476
2020-04-01,5448,109,1768,556
2020-04-02,5746,179,1684,676
2020-04-03,5670,179,1712,676
2020-04-04,3866,203,1460,715
2020-04-05,3782,181,1406,759
2020-04-06,6353,240,1750,816
2020-04-07,6044,234,1590,832
2020-04-08,5574,214,1559,782
2020-04-09,5070,208,1353,767
2020-04-10,4510,205,1293,742
2020-04-11,3732,186,1048,730
2020-04-12,2887,180,951,754
2020-04-13,3311,199,1156,768
2020-04-14,4144,155,984,661
2020-04-15,3876,122,866,578
2020-04-16,3530,143,782,555
2020-04-17,3586,105,790,489
2020-04-18,2172,123,584,513
2020-04-19,2342,96,536,494
2020-04-20,3792,101,641,465
2020-04-21,3061,103,587,426
2020-04-22,3446,88,519,399
2020-04-23,2841,85,448,415
2020-04-24,2535,66,474,380
2020-04-25,1595,60,327,325
2020-04-26,1003,55,307,300
2020-04-27,2290,52,370,322
2020-04-28,2726,38,356,267
2020-04-29,2339,37,313,274
2020-04-30,2021,30,254,253
2020-05-01,1886,47,263,256
2020-05-02,1058,35,208,224
2020-05-03,787,33,216,210
2020-05-04,1549,37,241,195
2020-05-05,1512,18,213,169
2020-05-06,1397,31,213,182
2020-05-07,1238,18,176,159
2020-05-08,1079,25,166,155
2020-05-09,657,11,123,110
2020-05-10,457,12,105,114
2020-05-11,1231,17,180,120
2020-05-12,1285,17,113,108
2020-05-13,1333,9,130,92
2020-05-14,1111,16,142,86
2020-05-15,873,11,128,98
2020-05-16,485,19,91,100
2020-05-17,360,12,80,89
2020-05-18,894,8,111,67
2020-05-19,1002,9,114,64
2020-05-20,1077,6,80,84
2020-05-21,1069,7,83,51
2020-05-22,1036,14,102,79
2020-05-23,455,4,74,64
2020-05-24,467,6,86,54
2020-05-25,464,7,79,53
2020-05-26,1050,8,76,42
2020-05-27,740,5,75,52
2020-05-28,646,5,79,41
2020-05-29,638,13,84,51
2020-05-30,346,5,54,56
2020-05-31,230,8,60,42
2020-06-01,686,12,81,39
2020-06-02,570,10,64,45
2020-06-03,515,4,73,45
2020-06-04,517,11,75,38
2020-06-05,402,15,53,31
2020-06-06,247,7,42,36
2020-06-07,197,15,54,29
2020-06-08,447,22,60,44
2020-06-09,419,9,65,33
2020-06-10,363,20,65,39
2020-06-11,363,18,49,26
2020-06-12,409,18,52,26
2020-06-13,196,13,35,17
2020-06-14,180,13,47,22
2020-06-15,380,18,52,20
2020-06-16,419,17,61,19
2020-06-17,356,13,49,21
2020-06-18,378,8,56,16
2020-06-19,361,24,45,16
2020-06-20,203,16,25,17
2020-06-21,172,12,44,22
2020-06-22,402,15,48,18
2020-06-23,381,14,44,19
2020-06-24,381,14,52,18
2020-06-25,298,10,43,16
2020-06-26,317,17,33,18
2020-06-27,206,13,43,17
2020-06-28,201,16,32,12
2020-06-29,437,26,47,19
2020-06-30,442,15,45,11
2020-07-01,396,22,39,10
2020-07-02,416,12,45,18
2020-07-03,233,14,30,12
2020-07-04,120,11,30,6
2020-07-05,155,10,29,9
2020-07-06,431,24,54,11
2020-07-07,461,24,47,7
2020-07-08,437,16,34,16
2020-07-09,391,18,46,5
2020-07-10,307,20,45,5
2020-07-11,259,17,34,9
2020-07-12,223,13,26,7
2020-07-13,483,21,49,15
2020-07-14,403,15,43,10
2020-07-15,440,22,44,14
2020-07-16,411,22,34,6
2020-07-17,413,19,50,10
2020-07-18,216,20,26,11
2020-07-19,175,27,38,10
2020-07-20,404,30,38,10
2020-07-21,341,14,24,6
2020-07-22,328,20,40,8
2020-07-23,309,14,33,8
2020-07-24,299,16,40,5
2020-07-25,153,15,35,11
2020-07-26,140,17,25,8
2020-07-27,313,18,38,3
2020-07-28,313,17,38,13
2020-07-29,287,24,30,5
2020-07-30,274,11,37,5
2020-07-31,262,23,34,4
2020-08-01,189,12,27,7
2020-08-02,135,10,33,2
2020-08-03,348,25,40,3
2020-08-04,187,19,32,5
2020-08-05,298,21,38,6
2020-08-06,288,18,34,6
2020-08-07,255,24,23,2
2020-08-08,160,25,21,4
2020-08-09,133,17,26,3
2020-08-10,312,31,41,5
2020-08-11,263,28,25,5
2020-08-12,320,19,31,3
2020-08-13,276,34,39,4
2020-08-14,277,22,38,4
2020-08-15,151,15,23,5
2020-08-16,140,19,21,5
2020-08-17,333,25,33,5
2020-08-18,283,26,39,2
2020-08-19,257,39,35,1
2020-08-20,227,21,37,6
2020-08-21,252,28,31,5
2020-08-22,136,21,27,7
2020-08-23,150,20,23,3
2020-08-24,297,22,36,8
2020-08-25,283,19,40,3
2020-08-26,313,23,28,7
2020-08-27,274,22,31,1
2020-08-28,280,19,22,6
2020-08-29,128,25,22,4
2020-08-30,186,21,20,6
2020-08-31,315,16,42,1
2020-09-01,294,34,21,3
2020-09-02,271,25,29,5
2020-09-03,273,29,18,3
2020-09-04,229,20,31,6
2020-09-05,156,11,22,3
2020-09-06,207,24,31,6
2020-09-07,217,23,19,0
2020-09-08,393,23,26,2
2020-09-09,353,31,31,2
2020-09-10,323,28,25,4
2020-09-11,313,32,32,6
2020-09-12,202,25,11,4
2020-09-13,263,27,17,3
2020-09-14,461,27,32,5
2020-09-15,414,50,29,5
2020-09-16,456,37,46,6
2020-09-17,441,35,34,3
2020-09-18,292,38,37,3
2020-09-19,218,23,21,5
2020-09-20,220,26,24,5
2020-09-21,558,53,29,3
2020-09-22,497,56,34,4
2020-09-23,612,65,38,5
2020-09-24,542,71,42,3
2020-09-25,463,57,46,5
2020-09-26,280,33,26,5
2020-09-27,382,48,37,4
2020-09-28,437,41,38,5
2020-09-29,723,71,50,6
2020-09-30,606,83,51,8
2020-10-01,705,79,41,7
2020-10-02,605,82,49,3
2020-10-03,299,42,25,6
2020-10-04,335,64,44,7
2020-10-05,766,116,55,0
2020-10-06,571,72,48,4
2020-10-07,541,83,46,4
2020-10-08,526,76,47,6
2020-10-09,524,91,55,2
2020-10-10,314,45,38,4
2020-10-11,281,49,49,7
2020-10-12,515,69,52,8
2020-10-13,588,111,50,5
2020-10-14,583,140,58,8
2020-10-15,603,134,74,9
2020-10-16,505,128,48,7
2020-10-17,366,107,35,5
2020-10-18,412,120,40,4
2020-10-19,626,168,69,8
2020-10-20,601,160,74,5
2020-10-21,654,167,52,6
2020-10-22,759,180,53,3
2020-10-23,601,173,60,5
2020-10-24,386,137,47,2
2020-10-25,362,152,44,10
2020-10-26,695,218,56,6
2020-10-27,742,231,46,9
2020-10-28,782,224,45,5
2020-10-29,621,225,59,4
2020-10-30,655,224,60,10
2020-10-31,403,140,48,4
2020-11-01,501,237,55,12
2020-11-02,953,329,64,9
2020-11-03,903,302,75,16
2020-11-04,1113,378,69,9
2020-11-05,1139,393,85,10
2020-11-06,1037,420,64,11
2020-11-07,845,357,60,13
2020-11-08,788,369,65,9
2020-11-09,1545,538,80,6
2020-11-10,1598,502,89,7
2020-11-11,1539,470,99,9
2020-11-12,1502,501,80,16
2020-11-13,1494,511,92,6
2020-11-14,1025,429,101,11
2020-11-15,896,420,92,14
2020-11-16,1832,526,127,8
2020-11-17,1730,545,102,10
2020-11-18,1753,532,120,12
2020-11-19,1857,519,132,10
2020-11-20,1774,511,135,9
2020-11-21,1290,354,119,11
2020-11-22,1148,415,116,12
2020-11-23,2317,582,150,14
2020-11-24,2074,599,131,18
2020-11-25,2370,633,141,12
2020-11-26,817,376,156,10
2020-11-27,2299,765,158,16
2020-11-28,1839,585,127,14
2020-11-29,1891,625,163,15
2020-11-30,2895,787,188,20
2020-12-01,3308,987,200,24
2020-12-02,3130,820,176,26
2020-12-03,2945,907,218,20
2020-12-04,2817,755,182,28
2020-12-05,1887,652,178,26
2020-12-06,1753,659,173,22
2020-12-07,3304,1005,222,21
2020-12-08,3060,904,220,23
2020-12-09,3105,963,278,29
2020-12-10,3149,905,246,28
2020-12-11,2977,893,244,31
2020-12-12,2206,583,209,34
2020-12-13,2177,898,227,32
2020-12-14,3582,1076,266,30
2020-12-15,3681,944,238,34
2020-12-16,2788,777,214,42
2020-12-17,1927,770,231,39
2020-12-18,3427,835,274,41
2020-12-19,2557,690,239,33
2020-12-20,2346,710,246,34
2020-12-21,4339,1044,331,46
2020-12-22,4104,948,287,55
2020-12-23,3843,937,303,42
2020-12-24,3016,642,276,43
2020-12-25,1046,595,267,40
2020-12-26,3454,898,264,39
2020-12-27,2888,919,241,48
2020-12-28,5392,1192,356,45
2020-12-29,5206,1004,324,53
2020-12-30,4983,1050,316,45
2020-12-31,3390,770,287,42
2021-01-01,1340,785,297,41
2021-01-02,4200,1069,325,62
2021-01-03,3464,1021,300,43
2021-01-04,6609,1470,411,65
2021-01-05,6153,1400,353,73
2021-01-06,5692,1281,381,66
2021-01-07,5449,1182,359,56
2021-01-08,5305,1089,355,64
2021-01-09,3693,895,331,73
2021-01-10,3197,1008,310,57
2021-01-11,5921,1346,403,61
2021-01-12,5241,1188,397,78
2021-01-13,5184,1217,428,72
2021-01-14,5264,1129,430,70
2021-01-15,4845,1081,390,69
2021-01-16,3481,910,373,71
2021-01-17,2919,1034,338,59
2021-01-18,4645,1323,444,79
2021-01-19,5140,1338,391,88
2021-01-20,4909,1271,372,80
2021-01-21,4942,1246,416,69
2021-01-22,4715,1225,429,87
2021-01-23,3462,1028,324,85
2021-01-24,2927,967,334,74
2021-01-25,5808,1417,403,71
2021-01-26,4861,1236,369,86
2021-01-27,5003,1198,426,95
2021-01-28,4778,1156,391,90
2021-01-29,3667,1001,408,89
2021-01-30,2875,821,272,84
2021-01-31,2894,948,303,76
2021-02-01,977,547,289,66
2021-02-02,2660,535,401,82
2021-02-03,5144,1083,436,80
2021-02-04,4831,1111,436,97
2021-02-05,4161,1115,439,85
2021-02-06,3080,863,356,81
2021-02-07,1645,722,310,80
2021-02-08,4431,1166,390,86
2021-02-09,3722,1017,395,71
2021-02-10,3777,984,355,81
2021-02-11,3411,915,324,99
2021-02-12,3315,840,342,83
2021-02-13,2209,806,281,87
2021-02-14,1898,794,243,83
2021-02-15,2860,693,317,85
2021-02-16,3722,950,353,86
2021-02-17,3434,1024,293,85
2021-02-18,2049,797,258,58
2021-02-19,3007,984,299,58
2021-02-20,2495,927,296,75
2021-02-21,2286,583,274,62
2021-02-22,3624,973,347,73
2021-02-23,3473,1055,331,80
2021-02-24,3464,997,353,82
2021-02-25,3474,974,292,80
2021-02-26,3241,976,327,77
2021-02-27,2018,789,241,67
2021-02-28,2037,881,244,72
2021-03-01,3727,1177,323,65
2021-03-02,3108,1014,273,55
2021-03-03,3242,1123,306,74
2021-03-04,3118,997,298,65
2021-03-05,2886,905,255,53
2021-03-06,2043,694,241,56
2021-03-07,1876,850,245,61
2021-03-08,3401,1163,300,71
2021-03-09,3341,1073,282,72
2021-03-10,3204,1086,282,65
2021-03-11,3104,1004,292,58
2021-03-12,3203,886,293,74
2021-03-13,2174,825,222,65
2021-03-14,1928,812,251,43
2021-03-15,3394,1087,293,47
2021-03-16,3194,985,251,66
2021-03-17,3172,1119,276,47
2021-03-18,2922,989,305,61
2021-03-19,3038,1026,261,48
2021-03-20,2160,888,261,51
2021-03-21,2093,818,272,50
2021-03-22,3881,1250,328,56
2021-03-23,3252,1122,285,54
2021-03-24,3444,1160,294,43
2021-03-25,3799,1216,312,72
2021-03-26,3412,1026,310,66
2021-03-27,2218,819,267,59
2021-03-28,1749,718,208,57
2021-03-29,3558,1197,305,52
2021-03-30,3186,978,264,46
2021-03-31,3185,992,291,65
2021-04-01,2865,857,264,59
2021-04-02,2623,794,265,53
2021-04-03,2049,584,236,50
2021-04-04,1461,599,212,48
2021-04-05,3270,976,266,56
2021-04-06,3002,936,231,48
2021-04-07,2764,846,221,45
2021-04-08,2575,749,218,55
2021-04-09,2464,753,207,57
2021-04-10,1723,599,190,51
2021-04-11,1312,628,161,57
2021-04-12,2537,811,205,43
2021-04-13,2364,719,204,38
2021-04-14,2240,646,192,36
2021-04-15,2016,594,220,43
2021-04-16,1828,631,198,35
2021-04-17,1275,446,164,35
2021-04-18,1049,476,167,37
2021-04-19,1887,606,179,43
2021-04-20,1606,487,155,35
2021-04-21,1423,535,117,36
2021-04-22,1359,428,158,42
2021-04-23,1287,400,153,47
2021-04-24,852,320,101,30
2021-04-25,755,282,119,26
2021-04-26,1366,366,145,30
2021-04-27,1139,356,116,33
2021-04-28,1208,381,125,33
2021-04-29,1052,317,116,33
2021-04-30,950,314,91,39
2021-05-01,578,216,78,33
2021-05-02,567,207,72,29
2021-05-03,935,282,90,24
2021-05-04,874,230,98,24
2021-05-05,775,220,81,27
2021-05-06,782,236,82,29
2021-05-07,715,195,72,35
2021-05-08,384,145,65,24
2021-05-09,343,137,60,28
2021-05-10,655,202,70,25
2021-05-11,627,176,70,22
2021-05-12,594,166,64,19
2021-05-13,506,133,67,24
2021-05-14,487,184,69,28
2021-05-15,292,96,42,12
2021-05-16,279,130,40,17
2021-05-17,453,132,72,16
2021-05-18,415,127,52,14
2021-05-19,377,122,57,13
2021-05-20,397,94,65,15
2021-05-21,349,90,51,13
2021-05-22,233,83,38,17
2021-05-23,186,61,46,10
2021-05-24,355,122,35,10
2021-05-25,305,95,42,7
2021-05-26,249,70,33,4
2021-05-27,257,76,47,9
2021-05-28,210,54,35,12
2021-05-29,126,51,25,9
2021-05-30,118,39,27,8
2021-05-31,118,63,18,12
2021-06-01,289,66,35,12
2021-06-02,244,67,44,11
2021-06-03,206,44,29,10
2021-06-04,225,58,25,8
2021-06-05,143,52,16,6
2021-06-06,130,29,23,5
2021-06-07,222,72,32,6
2021-06-08,175,59,35,10
2021-06-09,210,49,23,9
2021-06-10,156,52,25,6
2021-06-11,187,44,22,9
2021-06-12,121,35,21,4
2021-06-13,114,45,31,6
2021-06-14,179,51,26,8
2021-06-15,179,36,25,6
2021-06-16,172,55,25,7
2021-06-17,187,46,28,10
2021-06-18,160,30,19,8
2021-06-19,107,42,13,11
2021-06-20,95,40,25,5
2021-06-21,168,57,30,3
2021-06-22,171,45,34,8
2021-06-23,187,42,24,5
2021-06-24,175,57,14,5
2021-06-25,180,44,18,5
2021-06-26,118,44,18,3
2021-06-27,109,38,22,1
2021-06-28,206,80,27,6
2021-06-29,212,53,21,4
2021-06-30,226,85,20,4
2021-07-01,204,43,31,4
2021-07-02,233,66,37,7
2021-07-03,146,57,22,6
2021-07-04,124,48,24,3
2021-07-05,187,65,16,2
2021-07-06,364,111,24,3
2021-07-07,402,106,23,2
2021-07-08,369,123,23,2
2021-07-09,371,121,35,2
2021-07-10,238,118,20,2
2021-07-11,272,110,28,4
2021-07-12,477,169,24,5
2021-07-13,457,192,27,3
2021-07-14,549,202,47,2
2021-07-15,552,232,28,5
2021-07-16,557,184,38,5
2021-07-17,340,149,39,7
2021-07-18,395,196,39,3
2021-07-19,813,298,55,4
2021-07-20,708,230,54,4
2021-07-21,893,254,48,2
2021-07-22,977,321,53,3
2021-07-23,916,295,53,4
2021-07-24,552,255,41,2
2021-07-25,635,280,41,4
2021-07-26,1223,391,63,2
2021-07-27,1200,371,71,5
2021-07-28,1244,443,77,6
2021-07-29,1289,388,76,7
2021-07-30,1279,377,78,9
2021-07-31,849,324,71,5
2021-08-01,830,326,50,12
2021-08-02,1569,452,74,4
2021-08-03,1583,457,100,2
2021-08-04,1612,424,89,8
2021-08-05,1525,517,89,7
2021-08-06,1577,416,113,11
2021-08-07,1148,332,85,14
2021-08-08,1072,332,99,6
2021-08-09,1892,445,130,10
2021-08-10,1667,441,121,6
2021-08-11,1752,273,135,10
2021-08-12,1757,356,123,6
2021-08-13,1599,448,140,9
2021-08-14,1049,313,94,10
2021-08-15,1143,321,112,7
2021-08-16,1929,508,135,6
2021-08-17,1741,439,137,16
2021-08-18,1814,456,108,14
2021-08-19,1692,437,98,14
2021-08-20,1559,388,123,7
2021-08-21,1090,314,113,16
2021-08-22,719,208,105,11
2021-08-23,1951,460,119,12
2021-08-24,1837,418,109,11
2021-08-25,1784,445,110,8
2021-08-26,1643,423,109,15
2021-08-27,1448,395,110,11
2021-08-28,988,316,87,14
2021-08-29,989,250,96,14
2021-08-30,1835,443,121,14
2021-08-31,1621,371,125,11
2021-09-01,1556,334,127,13
2021-09-02,1430,334,95,13
2021-09-03,1421,330,80,8
2021-09-04,905,256,110,14
2021-09-05,954,262,73,15
2021-09-06,942,268,78,17
2021-09-07,1570,375,110,7
2021-09-08,1592,387,100,20
2021-09-09,1713,389,103,19
2021-09-10,1548,412,99,15
2021-09-11,1037,320,84,15
2021-09-12,1212,343,90,11
2021-09-13,1739,439,104,13
2021-09-14,1641,433,84,9
2021-09-15,1609,453,95,10
2021-09-16,1387,423,86,12
2021-09-17,1524,436,90,11
2021-09-18,956,339,89,11
2021-09-19,1058,441,69,17
2021-09-20,1636,495,99,15
2021-09-21,1302,452,84,14
2021-09-22,1415,448,98,16
2021-09-23,1290,465,98,11
2021-09-24,1222,436,81,10
2021-09-25,814,322,70,16
2021-09-26,856,347,55,15
2021-09-27,1363,406,75,17
2021-09-28,1117,395,68,14
2021-09-29,1096,407,66,15
2021-09-30,1126,411,65,8
2021-10-01,1086,409,87,8
2021-10-02,678,277,66,12
2021-10-03,907,279,65,12
2021-10-04,1272,415,77,13
2021-10-05,1270,349,71,6
2021-10-06,1146,335,65,17
2021-10-07,1080,361,62,13
2021-10-08,1011,343,47,16
2021-10-09,610,241,67,8
2021-10-10,687,224,52,17
2021-10-11,935,308,55,9
2021-10-12,1147,287,52,4
2021-10-13,1110,273,77,9
2021-10-14,1024,293,50,8
2021-10-15,884,234,61,9
2021-10-16,488,193,57,6
2021-10-17,586,205,49,11
2021-10-18,872,299,59,13
2021-10-19,796,204,50,11
2021-10-20,797,208,51,7
2021-10-21,810,196,51,15
2021-10-22,693,228,46,10
2021-10-23,451,143,44,10
2021-10-24,444,149,44,14
2021-10-25,898,239,35,9
2021-10-26,594,150,43,7
2021-10-27,759,211,49,10
2021-10-28,737,193,38,7
2021-10-29,641,200,32,4
2021-10-30,400,157,30,10
2021-10-31,446,153,32,7
2021-11-01,780,278,40,4
2021-11-02,806,240,50,10
2021-11-03,824,272,54,6
2021-11-04,906,259,40,4
2021-11-05,768,268,35,6
2021-11-06,506,220,41,12
2021-11-07,543,216,34,8
2021-11-08,1135,306,44,8
2021-11-09,1037,276,35,12
2021-11-10,1047,358,46,6
2021-11-11,874,319,50,6
2021-11-12,1028,320,43,16
2021-11-13,613,210,45,8
2021-11-14,689,258,40,5
2021-11-15,1264,369,48,12
2021-11-16,1272,336,43,10
2021-11-17,1329,378,53,7
2021-11-18,1310,368,55,7
2021-11-19,1184,383,53,8
2021-11-20,827,292,47,10
2021-11-21,841,311,43,4
2021-11-22,1529,477,56,8
2021-11-23,1380,351,65,6
2021-11-24,1417,439,68,14
2021-11-25,531,248,68,7
2021-11-26,1172,407,77,11
2021-11-27,972,354,64,9
2021-11-28,1060,402,56,10
2021-11-29,2326,617,82,10
2021-11-30,2007,530,90,6
2021-12-01,2180,625,92,18
2021-12-02,2108,619,91,15
2021-12-03,1894,535,107,13
2021-12-04,1321,442,85,11
2021-12-05,1405,518,105,14
2021-12-06,2797,739,141,9
2021-12-07,2923,659,136,17
2021-12-08,3136,793,148,8
2021-12-09,3023,756,142,11
2021-12-10,3084,763,173,16
2021-12-11,2159,347,130,9
2021-12-12,2795,769,140,17
2021-12-13,7529,1289,203,21
2021-12-14,10881,1745,210,20
2021-12-15,13167,1957,226,11
2021-12-16,13868,2202,345,12
2021-12-17,13554,2029,306,23
2021-12-18,9946,1660,284,18
2021-12-19,10568,1920,344,27
2021-12-20,27949,3259,423,13
2021-12-21,30413,3587,463,11
2021-12-22,31408,5313,689,32
2021-12-23,31841,3850,693,23
2021-12-24,17498,2492,583,44
2021-12-25,7803,1294,615,38
2021-12-26,23005,3222,741,35
2021-12-27,51301,5768,965,37
2021-12-28,49753,4177,870,39
2021-12-29,50571,5881,954,49
2021-12-30,47526,5753,1045,35
2021-12-31,29188,3340,831,61
2022-01-01,12069,1906,879,68
2022-01-02,32550,3502,1309,69
2022-01-03,55058,5871,1139,77
2022-01-04,49279,5428,1014,95
2022-01-05,40283,4470,1134,87
2022-01-06,36400,3632,949,98
2022-01-07,23221,2681,827,105
2022-01-08,16206,2065,761,108
2022-01-09,14362,1928,724,126
2022-01-10,25068,3374,928,122
2022-01-11,18545,2350,771,147
2022-01-12,18445,2194,760,126
2022-01-13,16100,1921,729,135
2022-01-14,13294,1634,690,139
2022-01-15,6760,882,515,105
2022-01-16,6891,902,451,126
2022-01-17,9834,1238,538,111
2022-01-18,10923,1192,512,125
2022-01-19,9036,974,431,100
2022-01-20,7044,722,464,119
2022-01-21,5798,644,402,123
2022-01-22,3633,518,322,87
2022-01-23,3398,500,280,106
2022-01-24,6016,649,353,119
2022-01-25,4762,470,347,106
2022-01-26,4195,420,281,114
2022-01-27,3633,356,275,81
2022-01-28,2725,308,206,101
2022-01-29,513,65,140,83
2022-01-30,1426,225,144,87
2022-01-31,3110,279,207,94
2022-02-01,2240,252,177,76
2022-02-02,2327,236,162,91
2022-02-03,2000,185,142,75
2022-02-04,1540,152,151,53
2022-02-05,946,154,117,51
2022-02-06,869,143,106,54
2022-02-07,1603,187,103,39
2022-02-08,1515,149,128,57
2022-02-09,1318,144,114,50
2022-02-10,1226,123,87,46
2022-02-11,983,106,106,42
2022-02-12,635,95,69,33
2022-02-13,458,76,55,45
2022-02-14,1017,108,77,23
2022-02-15,941,110,73,26
2022-02-16,936,70,68,32
2022-02-17,833,115,72,40
2022-02-18,663,97,61,35
2022-02-19,425,72,47,31
2022-02-20,383,58,39,16
2022-02-21,559,92,38,29
2022-02-22,686,91,54,12
2022-02-23,705,76,41,18
2022-02-24,660,77,43,19
2022-02-25,539,37,44,17
2022-02-26,337,75,29,6
2022-02-27,361,68,29,18
2022-02-28,706,100,51,7
2022-03-01,611,78,43,20
2022-03-02,643,106,42,20
2022-03-03,587,84,40,9
2022-03-04,461,69,39,13
2022-03-05,317,54,26,12
2022-03-06,340,71,20,8
2022-03-07,656,84,24,10
2022-03-08,681,86,23,5
2022-03-09,625,110,26,12
2022-03-10,699,129,28,10
2022-03-11,605,91,22,9
2022-03-12,299,57,20,9
2022-03-13,435,93,24,9
2022-03-14,905,128,32,15
2022-03-15,847,110,29,10
2022-03-16,871,146,24,8
2022-03-17,754,108,28,4
2022-03-18,803,144,34,7
2022-03-19,448,120,22,5
2022-03-20,653,136,26,8
2022-03-21,1311,204,27,3
2022-03-22,1287,199,30,5
2022-03-23,1266,195,22,4
2022-03-24,1176,197,24,5
2022-03-25,1094,210,37,5
2022-03-26,678,158,25,4
2022-03-27,775,162,22,6
2022-03-28,1515,254,31,4
2022-03-29,1437,246,29,5
2022-03-30,1514,245,41,5
2022-03-31,1509,264,43,3
2022-04-01,1337,260,34,5
2022-04-02,877,187,29,2
2022-04-03,904,231,25,4
2022-04-04,2157,342,38,5
2022-04-05,1979,277,48,4
2022-04-06,2091,307,43,3
2022-04-07,2008,286,45,2
2022-04-08,1886,294,47,3
2022-04-09,1172,259,42,6
2022-04-10,1189,271,43,8
2022-04-11,2592,408,57,2
2022-04-12,2428,345,44,5
2022-04-13,2608,396,49,3
2022-04-14,2305,392,48,7
2022-04-15,2006,372,54,6
2022-04-16,1205,339,41,4
2022-04-17,966,297,50,4
2022-04-18,2350,449,59,3
2022-04-19,2303,426,62,5
2022-04-20,2169,404,45,1
2022-04-21,1996,401,60,4
2022-04-22,1817,440,85,7
2022-04-23,1411,393,56,3
2022-04-24,1464,413,49,4
2022-04-25,2918,662,66,4
2022-04-26,2952,541,71,7
2022-04-27,2790,523,88,4
2022-04-28,2668,502,77,5
2022-04-29,2786,489,77,4
2022-04-30,1619,445,70,5
2022-05-01,1878,490,62,4
2022-05-02,3896,698,68,6
2022-05-03,3779,738,90,6
2022-05-04,3719,761,86,4
2022-05-05,3572,717,102,5
2022-05-06,3084,620,87,6
2022-05-07,1854,511,77,7
2022-05-08,1975,571,67,6
2022-05-09,4354,967,101,8
2022-05-10,4045,815,103,3
2022-05-11,4085,839,103,11
2022-05-12,3999,747,98,11
2022-05-13,3533,743,123,4
2022-05-14,2434,659,105,13
2022-05-15,2240,727,84,11
2022-05-16,4510,1076,123,7
2022-05-17,4154,932,122,7
2022-05-18,4256,976,108,8
2022-05-19,3754,787,77,5
2022-05-20,3438,745,128,10
2022-05-21,2454,596,132,14
2022-05-22,2332,677,111,6
2022-05-23,4704,988,134,12
2022-05-24,3958,859,108,14
2022-05-25,3885,778,133,11
2022-05-26,3306,721,117,6
2022-05-27,2964,256,90,8
2022-05-28,2006,209,70,8
2022-05-29,1788,502,87,13
2022-05-30,1725,503,95,5
2022-05-31,4285,862,120,8
2022-06-01,3608,742,105,10
2022-06-02,3200,596,115,13
2022-06-03,2803,561,94,10
2022-06-04,1774,472,65,10
2022-06-05,1668,512,78,12
2022-06-06,3327,672,117,15
2022-06-07,2913,596,90,9
2022-06-08,2922,601,123,16
2022-06-09,2537,556,114,11
2022-06-10,2416,500,102,12
2022-06-11,1460,408,89,13
2022-06-12,1512,399,78,13
2022-06-13,3127,632,122,6
2022-06-14,2868,583,116,5
2022-06-15,2834,669,130,6
2022-06-16,2469,530,128,13
2022-06-17,2445,518,109,8
2022-06-18,1804,494,83,7
2022-06-19,1577,450,95,3
2022-06-20,2444,660,117,10
2022-06-21,3667,674,137,11
2022-06-22,3297,606,137,8
2022-06-23,2946,646,115,10
2022-06-24,2817,613,147,14
2022-06-25,2066,499,102,12
2022-06-26,2060,542,119,8
2022-06-27,3796,898,136,13
2022-06-28,3633,734,125,11
2022-06-29,3605,803,142,10
2022-06-30,3150,729,162,9
2022-07-01,3112,828,140,9
2022-07-02,2216,645,120,10
2022-07-03,2213,665,129,14
2022-07-04,1737,588,119,13
2022-07-05,5234,1069,170,11
2022-07-06,4358,954,185,5
2022-07-07,4239,924,191,8
2022-07-08,3815,917,165,5
2022-07-09,2550,697,141,15
2022-07-10,2455,748,149,7
2022-07-11,4991,1028,206,7
2022-07-12,4248,937,200,14
2022-07-13,3980,973,184,13
2022-07-14,3909,899,179,15
2022-07-15,3747,828,188,12
2022-07-16,2362,657,157,7
2022-07-17,2390,706,156,19
2022-07-18,4370,1006,206,14
2022-07-19,4080,977,195,12
2022-07-20,3842,923,194,15
2022-07-21,3437,804,190,16
2022-07-22,3216,862,156,19
2022-07-23,2180,716,147,21
2022-07-24,2033,676,128,17
2022-07-25,4291,934,201,18
2022-07-26,3890,897,166,13
2022-07-27,3661,872,174,15
2022-07-28,3227,716,143,14
2022-07-29,2910,696,149,16
2022-07-30,1821,564,133,16
2022-07-31,1937,631,139,13
2022-08-01,3859,898,165,14
2022-08-02,3544,794,163,15
2022-08-03,3199,389,173,10
2022-08-04,2964,676,154,14
2022-08-05,2728,605,177,16
2022-08-06,1680,521,115,17
2022-08-07,1618,453,121,16
2022-08-08,3371,802,159,19
2022-08-09,2730,649,165,20
2022-08-10,2559,708,155,10
2022-08-11,2315,632,153,9
2022-08-12,2017,584,144,12
2022-08-13,1295,426,93,15
2022-08-14,1331,420,108,14
2022-08-15,2680,636,145,12
2022-08-16,2379,586,141,14
2022-08-17,2209,554,144,19
2022-08-18,2111,536,128,15
2022-08-19,1935,524,123,10
2022-08-20,1264,406,109,21
2022-08-21,1266,423,102,14
2022-08-22,2290,596,147,16
2022-08-23,2049,538,128,11
2022-08-24,1914,531,140,16
2022-08-25,1855,475,123,12
2022-08-26,1695,400,133,18
2022-08-27,1118,305,106,13
2022-08-28,1116,338,91,14
2022-08-29,2187,574,144,4
2022-08-30,1859,463,138,14
2022-08-31,1838,473,100,12
2022-09-01,1659,451,110,11
2022-09-02,1483,378,117,12
2022-09-03,927,308,85,9
2022-09-04,960,330,78,18
2022-09-05,993,318,92,10
2022-09-06,2042,476,117,8
2022-09-07,1802,427,103,11
2022-09-08,1638,412,108,13
2022-09-09,1512,374,99,12
2022-09-10,1024,338,90,9
2022-09-11,945,303,96,10
2022-09-12,2068,518,114,9
2022-09-13,1730,453,124,13
2022-09-14,1823,489,118,9
2022-09-15,1655,436,108,13
2022-09-16,1606,418,86,19
2022-09-17,1087,321,82,10
2022-09-18,1159,362,93,14
2022-09-19,2435,627,92,11
2022-09-20,2232,535,124,8
2022-09-21,2042,543,122,14
2022-09-22,1651,408,103,10
2022-09-23,1513,404,118,7
2022-09-24,992,286,89,4
2022-09-25,1060,305,118,6
2022-09-26,2029,527,137,8
2022-09-27,1899,493,134,9
2022-09-28,2041,491,135,6
2022-09-29,1848,443,111,11
2022-09-30,1577,387,125,16
2022-10-01,890,261,106,7
2022-10-02,951,300,107,8
2022-10-03,1958,470,124,9
2022-10-04,1628,372,147,6
2022-10-05,1500,447,139,15
2022-10-06,1891,419,131,14
2022-10-07,1585,400,124,12
2022-10-08,957,339,90,13
2022-10-09,977,307,86,12
2022-10-10,1674,448,110,15
2022-10-11,1994,522,99,17
2022-10-12,1954,523,107,8
2022-10-13,1835,460,125,14
2022-10-14,1636,438,117,13
2022-10-15,1029,352,102,7
2022-10-16,997,397,75,9
2022-10-17,2076,582,108,18
2022-10-18,1859,562,115,11
2022-10-19,1852,504,147,13
2022-10-20,1635,471,137,10
2022-10-21,1563,380,121,16
2022-10-22,1153,305,120,8
2022-10-23,1110,419,110,20
2022-10-24,2332,641,137,22
2022-10-25,2245,589,144,20
2022-10-26,2255,570,152,16
2022-10-27,1973,484,117,13
2022-10-28,1759,443,118,14
2022-10-29,1147,339,95,12
2022-10-30,1221,384,129,12
2022-10-31,2434,655,158,15
2022-11-01,2290,631,155,15
2022-11-02,2438,703,157,18
2022-11-03,2308,704,143,15
2022-11-04,2171,609,130,7
2022-11-05,1400,465,127,17
2022-11-06,1444,505,105,14
2022-11-07,2841,814,148,13
2022-11-08,2298,570,156,16
2022-11-09,2282,599,123,20
2022-11-10,2012,608,155,12
2022-11-11,1627,389,155,25
2022-11-12,1541,513,117,18
2022-11-13,1375,488,114,11
2022-11-14,2965,761,170,16
2022-11-15,2390,595,147,19
2022-11-16,2329,653,152,18
2022-11-17,1893,670,156,13
2022-11-18,1569,263,128,15
2022-11-19,1164,397,91,19
2022-11-20,1339,557,138,19
2022-11-21,3010,760,171,18
2022-11-22,2701,568,157,17
2022-11-23,2701,798,173,14
2022-11-24,1007,349,134,21
2022-11-25,2273,341,184,16
2022-11-26,2040,597,174,10
2022-11-27,2024,287,191,12
2022-11-28,4784,1194,208,20
2022-11-29,3886,944,205,18
2022-11-30,3216,826,231,19
2022-12-01,3080,867,191,19
2022-12-02,2974,359,198,16
2022-12-03,1662,561,193,25
2022-12-04,1838,857,160,12
2022-12-05,4103,1088,220,20
2022-12-06,3306,973,202,24
2022-12-07,3424,909,226,16
2022-12-08,3147,937,195,23
2022-12-09,2977,799,187,20
2022-12-10,1729,630,179,20
2022-12-11,1685,641,153,31
2022-12-12,4072,1084,209,23
2022-12-13,3635,964,228,19
2022-12-14,3412,926,228,28
2022-12-15,2967,856,210,29
2022-12-16,2661,755,229,21
2022-12-17,2026,686,162,21
2022-12-18,1867,736,179,29
2022-12-19,3943,1044,227,19
2022-12-20,3445,1014,195,29
2022-12-21,3341,900,213,25
2022-12-22,2841,784,216,22
2022-12-23,2407,779,194,30
2022-12-24,1027,422,140,25
2022-12-25,846,308,163,28
2022-12-26,2323,969,191,29
2022-12-27,3473,988,232,32
2022-12-28,3175,917,250,34
2022-12-29,3085,806,231,29
2022-12-30,2701,784,251,33
2022-12-31,1456,566,193,23
2023-01-01,1141,452,218,30
2023-01-02,2817,986,192,22
2023-01-03,3806,992,241,27
2023-01-04,3354,940,206,25
2023-01-05,2891,838,232,26
2023-01-06,2482,746,187,42
2023-01-07,1458,480,166,22
2023-01-08,1341,528,142,18
2023-01-09,2873,740,203,29
2023-01-10,2449,630,182,19
2023-01-11,2215,562,173,17
2023-01-12,2081,591,146,18
2023-01-13,1854,538,174,23
2023-01-14,1118,382,135,27
2023-01-15,1035,393,101,19
2023-01-16,1717,541,151,19
2023-01-17,2453,663,165,22
2023-01-18,1817,545,161,15
2023-01-19,1723,440,138,14
2023-01-20,1685,460,135,23
2023-01-21,1000,337,113,25
2023-01-22,949,397,107,23
2023-01-23,1996,550,148,20
2023-01-24,1803,488,113,30
2023-01-25,1505,447,119,22
2023-01-26,1555,390,112,16
2023-01-27,1415,393,103,15
2023-01-28,841,301,107,15
2023-01-29,740,294,91,20
2023-01-30,1934,465,130,17
2023-01-31,1571,385,116,19
2023-02-01,1306,316,100,20
2023-02-02,1207,371,104,18
2023-02-03,990,263,103,16
2023-02-04,492,173,83,21
2023-02-05,595,266,94,18
2023-02-06,1547,388,113,11
2023-02-07,1233,283,103,13
2023-02-08,1073,293,81,10
2023-02-09,988,283,93,15
2023-02-10,898,215,88,18
2023-02-11,544,171,72,16
2023-02-12,511,216,64,10
2023-02-13,1180,309,102,7
2023-02-14,921,242,56,13
2023-02-15,881,238,81,15
2023-02-16,863,244,84,9
2023-02-17,614,151,66,20
2023-02-18,426,173,59,11
2023-02-19,383,157,58,10
2023-02-20,600,199,77,14
2023-02-21,785,219,56,12
2023-02-22,650,158,57,8
2023-02-23,678,178,47,4
2023-02-24,536,162,58,6
2023-02-25,331,116,45,7
2023-02-26,351,134,36,6
2023-02-27,790,195,42,8
2023-02-28,538,123,35,5
2023-03-01,526,186,38,5
2023-03-02,517,139,37,8
2023-03-03,439,105,45,9
2023-03-04,269,81,33,6
2023-03-05,220,84,23,7
2023-03-06,600,137,48,6
2023-03-07,470,109,40,7
2023-03-08,479,131,41,8
2023-03-09,422,121,33,7
2023-03-10,367,95,34,7
2023-03-11,245,28,30,11
2023-03-12,215,89,20,7
2023-03-13,508,143,35,4
2023-03-14,392,99,22,6
2023-03-15,556,119,21,5
2023-03-16,415,124,30,5
2023-03-17,326,94,30,3
2023-03-18,207,78,26,4
2023-03-19,177,97,27,5
2023-03-20,482,112,23,4
2023-03-21,424,120,32,5
2023-03-22,402,102,20,2
2023-03-23,393,95,32,6
2023-03-24,385,100,26,5
2023-03-25,196,72,26,5
2023-03-26,214,71,20,7
2023-03-27,445,119,27,7
2023-03-28,414,122,33,4
2023-03-29,352,94,36,6
2023-03-30,409,98,31,6
2023-03-31,350,94,29,5
2023-04-01,171,65,22,4
2023-04-02,205,87,18,2
2023-04-03,345,100,29,4
2023-04-04,326,106,40,0
2023-04-05,257,82,30,4
2023-04-06,224,74,29,3
2023-04-07,204,53,20,2
2023-04-08,145,58,15,2
2023-04-09,113,53,12,0
2023-04-10,312,85,32,1
2023-04-11,270,77,36,3
2023-04-12,195,77,30,4
2023-04-13,219,75,28,2
2023-04-14,220,65,22,1
2023-04-15,136,57,26,2
2023-04-16,151,68,22,3
2023-04-17,355,117,33,2
2023-04-18,270,74,21,2
2023-04-19,245,94,20,3
2023-04-20,231,63,21,2
2023-04-21,173,59,23,3
2023-04-22,122,66,17,1
2023-04-23,126,56,18,0
2023-04-24,334,102,29,2
2023-04-25,253,90,22,1
2023-04-26,195,96,24,3
2023-04-27,229,72,25,2
2023-04-28,274,62,20,3
2023-04-29,126,43,14,0
2023-04-30,98,53,13,2
2023-05-01,256,104,27,2
2023-05-02,237,102,16,0
2023-05-03,220,95,23,1
2023-05-04,219,81,18,1
2023-05-05,184,82,17,1
2023-05-06,97,70,15,1
2023-05-07,148,55,24,1
2023-05-08,246,99,25,1
2023-05-09,220,94,26,0
2023-05-10,243,49,19,2
2023-05-11,235,118,33,0
2023-05-12,170,87,22,1
2023-05-13,117,63,20,1
2023-05-14,133,87,17,2
2023-05-15,253,133,19,0
2023-05-16,241,96,19,1
2023-05-17,211,80,23,0
2023-05-18,216,118,25,0
2023-05-19,186,81,27,0
2023-05-20,118,52,20,0
2023-05-21,132,66,14,2
2023-05-22,259,125,37,0
2023-05-23,226,106,24,3
2023-05-24,269,113,26,2
2023-05-25,183,96,22,2
2023-05-26,155,74,18,1
2023-05-27,111,76,15,0
2023-05-28,139,63,24,0
2023-05-29,135,86,24,2
2023-05-30,311,131,19,2
2023-05-31,262,123,23,2
2023-06-01,261,119,33,1
2023-06-02,195,101,25,1
2023-06-03,146,75,21,0
2023-06-04,135,70,20,0
2023-06-05,252,114,29,3
2023-06-06,219,102,20,1
2023-06-07,190,80,28,1
2023-06-08,180,78,17,1
2023-06-09,179,116,30,1
2023-06-10,136,60,27,0
2023-06-11,134,89,17,1
2023-06-12,234,112,26,0
2023-06-13,251,101,32,1
2023-06-14,194,109,22,2
2023-06-15,204,76,15,1
2023-06-16,156,89,13,0
2023-06-17,126,59,25,0
2023-06-18,108,55,16,0
2023-06-19,166,89,21,1
2023-06-20,213,103,29,1
2023-06-21,181,88,18,1
2023-06-22,181,89,14,0
2023-06-23,160,91,21,0
2023-06-24,98,68,18,0
2023-06-25,108,47,17,1
2023-06-26,200,112,18,2
2023-06-27,220,88,17,1
2023-06-28,177,94,19,1
2023-06-29,156,90,16,4
2023-06-30,168,107,18,2
2023-07-01,111,94,14,1
2023-07-02,128,61,26,1
2023-07-03,169,102,21,1
2023-07-04,104,56,12,0
2023-07-05,220,119,25,3
2023-07-06,196,98,23,3
2023-07-07,165,99,24,1
2023-07-08,137,78,17,3
2023-07-09,112,85,13,0
2023-07-10,312,133,29,2
2023-07-11,308,119,14,1
2023-07-12,236,143,23,1
2023-07-13,409,136,22,0
2023-07-14,308,117,30,0
2023-07-15,147,98,16,1
2023-07-16,151,102,27,1
2023-07-17,318,176,29,0
2023-07-18,273,174,31,0
2023-07-19,308,180,32,0
2023-07-20,268,189,35,0
2023-07-21,309,137,31,1
2023-07-22,185,115,32,1
2023-07-23,251,144,23,1
2023-07-24,444,285,34,3
2023-07-25,375,235,36,1
2023-07-26,384,201,36,2
2023-07-27,394,217,35,0
2023-07-28,381,211,33,1
2023-07-29,287,203,32,1
2023-07-30,300,227,41,3
2023-07-31,566,318,56,0
2023-08-01,503,283,38,0
2023-08-02,480,313,44,0
2023-08-03,560,309,59,1
2023-08-04,501,318,49,2
2023-08-05,401,267,50,2
2023-08-06,365,290,45,0
2023-08-07,706,422,59,1
2023-08-08,735,437,66,1
2023-08-09,674,414,39,1
2023-08-10,671,363,60,3
2023-08-11,655,341,62,0
2023-08-12,460,293,48,3
2023-08-13,444,295,45,2
2023-08-14,830,495,68,5
2023-08-15,790,460,69,2
2023-08-16,746,465,52,1
2023-08-17,650,395,60,2
2023-08-18,679,345,78,1
2023-08-19,498,286,56,5
2023-08-20,465,345,63,2
2023-08-21,949,537,61,2
2023-08-22,856,473,59,4
2023-08-23,856,471,87,1
2023-08-24,813,441,56,2
2023-08-25,715,385,68,2
2023-08-26,517,317,54,6
2023-08-27,620,378,58,5
2023-08-28,980,558,70,4
2023-08-29,927,436,74,2
2023-08-30,902,465,84,2
2023-08-31,805,473,56,1
2023-09-01,739,422,69,4
2023-09-02,547,341,74,5
2023-09-03,634,345,60,1
2023-09-04,673,376,76,2
2023-09-05,1235,666,100,4
2023-09-06,1066,592,84,3
2023-09-07,952,547,89,3
2023-09-08,893,505,87,3
2023-09-09,605,379,74,3
2023-09-10,627,337,73,2
2023-09-11,1043,564,81,7
2023-09-12,1045,542,70,5
2023-09-13,1020,540,71,3
2023-09-14,971,526,78,2
2023-09-15,865,487,59,6
2023-09-16,671,366,74,5
2023-09-17,645,414,72,3
2023-09-18,1277,659,84,8
2023-09-19,1196,575,79,5
2023-09-20,1154,557,96,5
2023-09-21,1057,531,80,7
2023-09-22,916,527,74,2
2023-09-23,562,346,72,3
2023-09-24,640,393,72,3
2023-09-25,1066,558,93,3
2023-09-26,1100,534,84,4
2023-09-27,995,495,72,7
2023-09-28,888,442,74,3
2023-09-29,547,211,74,5
2023-09-30,462,272,71,3
2023-10-01,494,321,64,4
2023-10-02,958,407,86,3
2023-10-03,831,458,81,6
2023-10-04,776,387,63,5
2023-10-05,685,328,58,2
2023-10-06,531,292,54,3
2023-10-07,357,189,49,2
2023-10-08,356,211,48,7
2023-10-09,625,304,62,6
2023-10-10,598,295,45,5
2023-10-11,542,299,57,6
2023-10-12,572,282,54,3
2023-10-13,443,206,50,4
2023-10-14,256,150,46,4
2023-10-15,333,168,52,2
2023-10-16,590,273,53,7
2023-10-17,503,257,42,4
2023-10-18,504,241,64,4
2023-10-19,479,264,57,1
2023-10-20,427,163,64,2
2023-10-21,291,155,47,4
2023-10-22,257,156,40,1
2023-10-23,532,249,47,2
2023-10-24,456,228,57,1
2023-10-25,442,261,50,6
2023-10-26,376,220,54,3
2023-10-27,328,208,45,7
2023-10-28,255,154,49,3
2023-10-29,218,140,34,3
2023-10-30,395,251,37,1
2023-10-31,335,188,41,4
2023-11-01,332,183,31,3
2023-11-02,315,186,21,2
2023-11-03,283,176,44,5
2023-11-04,201,152,26,2
2023-11-05,216,178,37,1
2023-11-06,403,265,34,5
2023-11-07,382,208,45,1
2023-11-08,365,247,47,4
2023-11-09,385,226,32,3
2023-11-10,336,194,42,3
2023-11-11,203,181,23,2
2023-11-12,255,181,30,3
2023-11-13,440,286,32,2
2023-11-14,405,282,37,4
2023-11-15,418,309,43,3
2023-11-16,428,231,46,1
2023-11-17,431,258,42,1
2023-11-18,277,203,45,2
2023-11-19,302,278,41,1
2023-11-20,582,373,50,1
2023-11-21,482,307,55,0
2023-11-22,463,331,37,1
2023-11-23,210,154,38,4
2023-11-24,422,303,60,6
2023-11-25,323,295,50,3
2023-11-26,415,301,54,4
2023-11-27,798,491,65,5
2023-11-28,637,447,55,1
2023-11-29,595,417,55,2
2023-11-30,602,360,55,6
2023-12-01,533,261,65,1
2023-12-02,405,255,55,7
2023-12-03,409,247,55,5
2023-12-04,789,468,69,2
2023-12-05,772,417,65,4
2023-12-06,696,446,80,2
2023-12-07,729,377,58,3
2023-12-08,705,393,61,4
2023-12-09,520,357,71,4
2023-12-10,528,386,63,1
2023-12-11,1095,663,65,5
2023-12-12,1038,610,93,6
2023-12-13,1036,625,77,3
2023-12-14,987,597,84,1
2023-12-15,948,583,103,4
2023-12-16,743,492,105,5
2023-12-17,830,565,97,6
2023-12-18,1533,1025,99,7
2023-12-19,1480,339,130,3
2023-12-20,1451,937,124,6
2023-12-21,1367,912,108,8
2023-12-22,1190,735,89,6
2023-12-23,917,741,110,4
2023-12-24,827,507,114,4
2023-12-25,850,469,120,4
2023-12-26,1975,1213,160,5
2023-12-27,1926,1096,141,9
2023-12-28,1825,1088,171,3
2023-12-29,1690,1027,169,4
2023-12-30,1252,752,146,5
2023-12-31,1012,623,119,3
2024-01-01,1064,488,142,12
2024-01-02,2186,1147,180,13
2024-01-03,2068,1028,164,11
2024-01-04,2008,1056,178,15
2024-01-05,1710,954,154,4
2024-01-06,1023,696,132,7
2024-01-07,1008,611,119,13
2024-01-08,2014,1040,168,4
2024-01-09,1649,869,148,10
2024-01-10,1590,827,139,12
2024-01-11,1538,741,160,7
2024-01-12,1371,685,167,8
2024-01-13,871,441,136,13
2024-01-14,785,489,111,7
2024-01-15,1168,682,129,13
2024-01-16,1250,595,116,14
2024-01-17,1150,609,108,14
2024-01-18,1080,560,107,11
2024-01-19,912,468,115,9
2024-01-20,618,362,92,18
2024-01-21,631,396,90,7
2024-01-22,1254,615,120,9
2024-01-23,1123,541,107,14
2024-01-24,999,506,109,9
2024-01-25,948,510,89,7
2024-01-26,846,427,93,6
2024-01-27,578,325,80,11
2024-01-28,513,278,84,8
2024-01-29,1029,520,109,11
2024-01-30,882,442,99,7
2024-01-31,790,407,81,6
2024-02-01,755,394,70,5
2024-02-02,570,329,74,5
2024-02-03,397,229,55,9
2024-02-04,464,277,54,11
2024-02-05,780,379,88,3
2024-02-06,642,305,81,6
2024-02-07,649,359,78,3
2024-02-08,594,289,72,6
2024-02-09,538,277,82,6
2024-02-10,349,202,64,4
2024-02-11,368,240,61,2
2024-02-12,687,313,83,7
2024-02-13,358,149,60,4
2024-02-14,478,265,67,5
2024-02-15,485,240,61,1
2024-02-16,402,201,58,7
2024-02-17,255,131,42,4
2024-02-18,276,144,55,4
2024-02-19,387,178,55,3
2024-02-20,408,187,56,4
2024-02-21,379,175,68,1
2024-02-22,391,167,49,4
2024-02-23,297,136,50,5
2024-02-24,197,132,34,4
2024-02-25,214,135,37,5
2024-02-26,421,176,56,2
2024-02-27,341,150,52,3
2024-02-28,311,147,37,3
2024-02-29,284,123,40,5
2024-03-01,287,132,55,5
2024-03-02,151,80,27,7
2024-03-03,162,102,35,4
2024-03-04,323,114,46,3
2024-03-05,294,108,31,4
2024-03-06,226,101,33,3
2024-03-07,203,100,22,1
2024-03-08,191,94,28,1
2024-03-09,122,64,19,0
2024-03-10,120,59,21,6
2024-03-11,205,124,37,5
2024-03-12,208,119,27,2
2024-03-13,184,108,29,4
2024-03-14,168,89,29,1
2024-03-15,152,86,23,2
2024-03-16,117,57,25,1
2024-03-17,121,64,17,4
2024-03-18,228,109,29,2
2024-03-19,188,101,19,1
2024-03-20,173,110,29,2
2024-03-21,189,83,21,0
2024-03-22,164,90,17,4
2024-03-23,88,43,16,5
2024-03-24,88,61,15,2
2024-03-25,210,113,26,2
2024-03-26,171,94,26,1
2024-03-27,145,74,16,2
2024-03-28,164,66,22,0
2024-03-29,131,64,22,2
2024-03-30,94,61,15,1
2024-03-31,82,60,15,0
2024-04-01,169,86,20,3
2024-04-02,140,78,23,2
2024-04-03,144,69,27,1
2024-04-04,162,80,20,0
2024-04-05,141,72,21,2
2024-04-06,91,60,21,3
2024-04-07,99,53,12,2
2024-04-08,150,92,14,2
2024-04-09,137,106,18,5
2024-04-10,138,75,27,3
2024-04-11,149,80,29,0
2024-04-12,128,54,19,2
2024-04-13,90,60,16,0
2024-04-14,71,49,15,0
2024-04-15,182,94,22,1
2024-04-16,140,83,15,0
2024-04-17,149,81,18,0
2024-04-18,118,83,20,0
2024-04-19,145,74,29,3
2024-04-20,93,46,15,3
2024-04-21,92,54,17,1
2024-04-22,144,80,21,1
2024-04-23,110,82,20,1
2024-04-24,134,93,20,1
2024-04-25,114,85,25,0
2024-04-26,135,83,18,0
2024-04-27,94,50,20,0
2024-04-28,99,84,25,1
2024-04-29,186,100,33,0
2024-04-30,148,90,30,0
2024-05-01,140,119,21,0
2024-05-02,133,97,19,2
2024-05-03,129,98,24,0
2024-05-04,89,62,16,1
2024-05-05,75,86,22,0
2024-05-06,179,95,25,1
2024-05-07,171,129,28,1
2024-05-08,168,123,27,2
2024-05-09,176,106,22,0
2024-05-10,152,92,18,0
2024-05-11,109,104,13,1
2024-05-12,111,96,12,3
2024-05-13,262,191,26,2
2024-05-14,231,171,25,0
2024-05-15,260,169,32,0
2024-05-16,230,142,25,0
2024-05-17,216,133,32,0
2024-05-18,167,108,30,1
2024-05-19,137,119,24,0
2024-05-20,297,160,29,2
2024-05-21,289,190,27,0
2024-05-22,289,179,23,0
2024-05-23,225,168,28,1
2024-05-24,242,175,35,0
2024-05-25,148,117,32,0
2024-05-26,184,133,34,1
2024-05-27,182,113,30,2
2024-05-28,338,244,25,1
2024-05-29,315,220,38,0
2024-05-30,283,211,28,1
2024-05-31,262,180,28,0
2024-06-01,172,103,28,1
2024-06-02,195,175,32,3
2024-06-03,366,245,40,1
2024-06-04,386,235,36,1
2024-06-05,337,251,36,0
2024-06-06,337,217,38,1
2024-06-07,283,211,43,0
2024-06-08,240,153,33,0
2024-06-09,224,156,36,1
2024-06-10,446,267,44,1
2024-06-11,393,264,40,1
2024-06-12,398,275,57,1
2024-06-13,364,309,61,3
2024-06-14,370,244,39,6
2024-06-15,271,204,41,2
2024-06-16,305,216,53,0
2024-06-17,541,322,67,0
2024-06-18,465,305,61,1
2024-06-19,411,278,60,2
2024-06-20,483,313,60,1
2024-06-21,418,304,74,1
2024-06-22,287,221,58,1
2024-06-23,307,224,66,3
2024-06-24,577,397,64,2
2024-06-25,493,366,49,2
2024-06-26,516,368,54,0
2024-06-27,451,321,53,1
2024-06-28,420,320,59,0
2024-06-29,325,245,58,0
2024-06-30,316,266,52,1
2024-07-01,632,388,68,1
2024-07-02,624,405,69,2
2024-07-03,531,375,54,2
2024-07-04,345,198,59,2
2024-07-05,515,366,61,0
2024-07-06,387,253,65,3
2024-07-07,390,324,53,1
2024-07-08,704,480,83,1
2024-07-09,606,373,80,2
2024-07-10,615,413,71,3
2024-07-11,585,398,71,2
2024-07-12,576,338,80,3
2024-07-13,384,305,51,5
2024-07-14,398,310,73,5
2024-07-15,728,498,91,0
2024-07-16,723,433,85,3
2024-07-17,640,459,62,1
2024-07-18,637,403,82,0
2024-07-19,591,482,71,4
2024-07-20,407,333,66,2
2024-07-21,459,341,63,1
2024-07-22,838,563,81,3
2024-07-23,728,481,90,3
2024-07-24,734,504,86,0
2024-07-25,691,448,82,5
2024-07-26,612,441,65,4
2024-07-27,384,330,52,3
2024-07-28,449,332,71,4
2024-07-29,722,555,72,2
2024-07-30,712,448,87,2
2024-07-31,698,415,65,4
2024-08-01,592,424,66,2
2024-08-02,565,312,80,2
2024-08-03,359,275,43,4
2024-08-04,354,258,57,3
2024-08-05,664,416,76,4
2024-08-06,532,341,59,6
2024-08-07,500,334,73,4
2024-08-08,484,290,57,3
2024-08-09,415,274,52,2
2024-08-10,330,229,53,2
2024-08-11,368,251,67,4
2024-08-12,592,415,66,1
2024-08-13,535,376,72,1
2024-08-14,510,362,51,0
2024-08-15,513,288,72,4
2024-08-16,454,287,71,0
2024-08-17,315,200,44,4
2024-08-18,260,210,47,2
2024-08-19,523,321,63,2
2024-08-20,527,283,56,5
2024-08-21,470,286,47,1
2024-08-22,442,270,51,5
2024-08-23,414,220,67,2
2024-08-24,273,193,49,1
2024-08-25,262,213,38,1
2024-08-26,507,308,51,2
2024-08-27,379,257,41,2
2024-08-28,392,266,59,2
2024-08-29,425,205,55,1
2024-08-30,327,219,61,1
2024-08-31,250,157,32,2
2024-09-01,214,161,40,3
2024-09-02,220,164,37,1
2024-09-03,416,281,44,2
2024-09-04,400,247,42,2
2024-09-05,382,219,37,5
2024-09-06,308,195,41,4
2024-09-07,230,147,38,4
2024-09-08,201,171,39,2
2024-09-09,398,234,35,2
2024-09-10,369,254,40,4
2024-09-11,368,209,29,2
2024-09-12,386,236,54,1
2024-09-13,336,218,48,2
2024-09-14,229,158,38,1
2024-09-15,219,150,25,1
2024-09-16,420,229,52,1
2024-09-17,391,211,44,1
2024-09-18,330,183,42,5
2024-09-19,327,200,37,2
2024-09-20,311,154,39,3
2024-09-21,178,118,33,2
2024-09-22,204,152,27,1
2024-09-23,333,187,37,1
2024-09-24,283,130,28,2
2024-09-25,321,158,24,0
2024-09-26,257,139,26,1
2024-09-27,203,94,23,0
2024-09-28,130,84,19,1
2024-09-29,154,61,24,1
2024-09-30,244,104,27,3
2024-10-01,215,126,32,1
2024-10-02,165,126,25,0
2024-10-03,156,81,20,2
2024-10-04,122,71,28,2
2024-10-05,96,50,17,1
2024-10-06,126,68,21,1
2024-10-07,197,97,19,1
2024-10-08,181,80,25,1
2024-10-09,155,72,22,3
2024-10-10,139,61,19,1
2024-10-11,103,49,17,1
2024-10-12,56,36,5,1
2024-10-13,96,68,24,1
2024-10-14,137,94,22,0
2024-10-15,138,74,15,0
2024-10-16,118,72,9,2
2024-10-17,89,61,19,2
2024-10-18,87,53,14,1
2024-10-19,79,39,14,2
2024-10-20,97,72,11,3
2024-10-21,140,78,23,2
2024-10-22,114,57,6,1
2024-10-23,144,75,21,1
2024-10-24,113,76,18,0
2024-10-25,101,52,19,0
2024-10-26,62,35,13,1
2024-10-27,90,76,13,1
2024-10-28,136,85,21,1
2024-10-29,110,73,16,0
2024-10-30,114,77,22,3
2024-10-31,120,59,18,1
2024-11-01,107,70,14,0
2024-11-02,67,55,8,1
2024-11-03,69,46,12,0
2024-11-04,122,62,17,1
2024-11-05,89,34,18,3
2024-11-06,88,54,11,0
2024-11-07,113,60,17,0
2024-11-08,86,36,15,1
2024-11-09,56,25,12,0
2024-11-10,62,31,11,0
2024-11-11,113,55,21,2
2024-11-12,120,44,18,1
2024-11-13,101,41,12,1
2024-11-14,86,48,12,1
2024-11-15,91,48,7,0
2024-11-16,50,25,10,1
2024-11-17,81,43,11,0
2024-11-18,111,63,14,0
2024-11-19,117,58,14,3
2024-11-20,89,46,12,1
2024-11-21,109,57,10,1
2024-11-22,79,46,18,0
2024-11-23,74,42,8,0
2024-11-24,84,54,17,0
2024-11-25,116,63,9,1
2024-11-26,107,56,12,0
2024-11-27,107,76,16,0
2024-11-28,59,16,10,0
2024-11-29,82,54,16,1
2024-11-30,80,56,9,0
2024-12-01,83,68,11,1
2024-12-02,149,109,18,0
2024-12-03,139,107,20,0
2024-12-04,140,95,10,1
2024-12-05,140,77,10,1
2024-12-06,129,67,11,0
2024-12-07,78,84,16,1
2024-12-08,104,72,15,1
2024-12-09,150,105,23,0
2024-12-10,196,107,25,1
2024-12-11,167,49,17,0
2024-12-12,159,63,22,2
2024-12-13,138,110,23,2
2024-12-14,95,73,16,2
2024-12-15,98,84,12,0
2024-12-16,203,149,23,2
2024-12-17,239,131,24,1
2024-12-18,193,128,18,2
2024-12-19,172,131,20,0
2024-12-20,170,120,17,0
2024-12-21,107,84,11,2
2024-12-22,99,95,16,2
2024-12-23,196,128,18,0
2024-12-24,140,87,18,0
2024-12-25,99,50,17,0
2024-12-26,219,134,31,1
2024-12-27,243,148,38,1
2024-12-28,159,108,33,1
2024-12-29,185,122,33,1
2024-12-30,306,183,33,1
2024-12-31,210,120,25,3
2025-01-01,148,103,20,4
2025-01-02,291,182,24,3
2025-01-03,239,175,30,2
2025-01-04,173,121,33,1
2025-01-05,200,124,27,2
2025-01-06,285,163,26,1
2025-01-07,274,165,31,0
2025-01-08,245,138,32,2
2025-01-09,240,170,18,3
2025-01-10,209,102,23,4
2025-01-11,191,112,26,2
2025-01-12,154,114,19,0
2025-01-13,369,184,44,2
2025-01-14,330,169,24,3
2025-01-15,283,137,24,2
2025-01-16,267,151,39,5
2025-01-17,265,149,33,4
2025-01-18,189,119,26,2
2025-01-19,204,124,26,2
2025-01-20,237,143,21,2
2025-01-21,325,155,39,0
2025-01-22,312,165,39,4
2025-01-23,317,185,41,2
2025-01-24,287,137,22,1
2025-01-25,198,116,24,1
2025-01-26,189,150,27,2
2025-01-27,378,229,42,4
2025-01-28,321,205,31,3
2025-01-29,341,186,41,0
2025-01-30,336,190,26,2
2025-01-31,314,156,30,0
2025-02-01,206,111,30,3
2025-02-02,185,133,25,2
2025-02-03,410,273,40,3
2025-02-04,386,218,33,1
2025-02-05,392,214,25,7
2025-02-06,302,193,36,1
2025-02-07,309,155,33,3
2025-02-08,229,145,34,1
2025-02-09,181,114,19,2
2025-02-10,421,236,42,0
2025-02-11,370,242,38,2
2025-02-12,351,211,33,3
2025-02-13,328,184,34,2
2025-02-14,265,125,25,3
2025-02-15,164,162,25,4
2025-02-16,185,116,30,2
2025-02-17,244,166,32,1
2025-02-18,321,183,34,1
2025-02-19,321,173,33,3
2025-02-20,346,172,48,4
2025-02-21,270,115,32,4
2025-02-22,200,135,32,2
2025-02-23,204,136,32,1
2025-02-24,369,227,40,3
2025-02-25,347,177,46,2
2025-02-26,313,163,35,1
2025-02-27,323,155,21,5
2025-02-28,326,133,36,4
2025-03-01,205,143,29,3
2025-03-02,170,122,17,3
2025-03-03,356,193,36,2
2025-03-04,381,217,37,1
2025-03-05,341,216,39,3
2025-03-06,340,207,35,3
2025-03-07,322,185,39,3
2025-03-08,193,134,26,0
2025-03-09,208,136,32,0
2025-03-10,462,306,41,1
2025-03-11,434,246,32,2
2025-03-12,417,243,44,2
2025-03-13,396,218,41,0
2025-03-14,340,214,34,3
2025-03-15,240,149,37,4
2025-03-16,266,182,29,2
2025-03-17,509,321,54,3
2025-03-18,408,315,49,2
2025-03-19,441,255,45,4
2025-03-20,416,235,32,2
2025-03-21,314,188,37,0
2025-03-22,227,127,30,1
2025-03-23,225,158,36,2
2025-03-24,430,290,43,2
2025-03-25,436,276,46,3
2025-03-26,464,267,51,2
2025-03-27,361,267,48,1
2025-03-28,330,232,39,2
2025-03-29,221,139,43,1
2025-03-30,231,165,23,2
2025-03-31,417,242,48,3
2025-04-01,416,239,58,2
2025-04-02,378,240,57,2
2025-04-03,387,217,32,3
2025-04-04,298,161,37,2
2025-04-05,189,130,33,3
2025-04-06,223,164,39,3
2025-04-07,371,238,44,0
2025-04-08,373,225,31,4
2025-04-09,329,248,31,3
2025-04-10,290,182,30,0
2025-04-11,251,137,28,1
2025-04-12,179,100,36,1
2025-04-13,158,155,22,3
2025-04-14,311,175,43,3
2025-04-15,297,173,44,1
2025-04-16,280,124,29,1
2025-04-17,278,184,36,4
2025-04-18,223,124,33,1
2025-04-19,181,107,35,4
2025-04-20,127,115,22,0
2025-04-21,312,203,27,3
2025-04-22,254,173,31,0
2025-04-23,250,141,26,3
2025-04-24,238,139,28,1
2025-04-25,192,105,31,2
2025-04-26,125,90,21,2
2025-04-27,116,108,27,0
2025-04-28,200,169,37,2
2025-04-29,192,127,29,4
2025-04-30,192,132,31,0
2025-05-01,143,128,24,5
2025-05-02,173,104,25,2
2025-05-03,102,72,14,1
2025-05-04,110,79,19,5
2025-05-05,187,144,25,1
2025-05-06,163,113,28,1
2025-05-07,152,114,15,0
2025-05-08,142,100,16,1
2025-05-09,135,83,17,1
2025-05-10,103,63,12,2
2025-05-11,95,80,17,1
2025-05-12,172,144,24,2
2025-05-13,162,112,15,3
2025-05-14,142,111,23,0
2025-05-15,168,103,19,1
2025-05-16,124,90,14,1
2025-05-17,89,64,16,1
2025-05-18,94,63,11,0
2025-05-19,161,133,11,0
2025-05-20,170,111,16,1
2025-05-21,146,104,19,1
2025-05-22,139,78,9,0
2025-05-23,137,74,12,1
2025-05-24,91,61,18,1
2025-05-25,102,74,9,1
2025-05-26,96,60,18,1
2025-05-27,184,145,14,2
2025-05-28,205,113,14,1
2025-05-29,203,130,21,2
2025-05-30,147,92,12,0
2025-05-31,109,84,17,0
2025-06-01,98,78,13,0
2025-06-02,190,140,20,0
2025-06-03,160,122,22,2
2025-06-04,179,119,14,1
2025-06-05,165,123,27,1
2025-06-06,138,96,17,1
2025-06-07,101,73,13,0
2025-06-08,99,77,12,0
2025-06-09,171,139,18,3
2025-06-10,149,110,15,1
2025-06-11,138,119,19,0
2025-06-12,139,119,15,1
2025-06-13,126,75,14,1
2025-06-14,94,76,8,1
2025-06-15,96,76,10,0
2025-06-16,173,107,12,1
2025-06-17,148,122,21,3
2025-06-18,158,94,18,2
2025-06-19,119,80,11,1
2025-06-20,140,93,18,0
2025-06-21,101,69,14,0
2025-06-22,92,61,12,0
2025-06-23,142,110,18,1
2025-06-24,137,92,16,0
2025-06-25,119,96,16,2
2025-06-26,99,83,9,1
2025-06-27,130,95,12,1
2025-06-28,84,69,10,0
2025-06-29,81,57,13,1
2025-06-30,138,93,11,0
2025-07-01,155,97,12,2
2025-07-02,128,83,13,2
2025-07-03,116,82,10,1
2025-07-04,83,39,9,1
2025-07-05,70,72,11,1
2025-07-06,84,65,11,0
2025-07-07,187,117,21,1
2025-07-08,153,91,15,1
2025-07-09,131,98,6,0
2025-07-10,138,108,17,0
2025-07-11,127,81,14,0
2025-07-12,101,58,16,1
2025-07-13,84,77,11,0
2025-07-14,169,97,17,2
2025-07-15,161,94,15,1
2025-07-16,123,78,13,1
2025-07-17,146,98,11,0
2025-07-18,126,103,13,2
2025-07-19,103,93,15,1
2025-07-20,102,94,18,0
2025-07-21,203,140,17,0
2025-07-22,171,137,15,1
2025-07-23,178,115,15,1
2025-07-24,158,106,19,0
2025-07-25,151,106,9,0
2025-07-26,110,73,14,0
2025-07-27,121,98,16,0
2025-07-28,200,143,15,1
2025-07-29,197,137,26,1
2025-07-30,184,135,16,0
2025-07-31,189,135,14,2
2025-08-01,171,109,19,2
2025-08-02,110,102,19,0
2025-08-03,95,111,12,0
2025-08-04,219,169,28,1
2025-08-05,218,181,14,0
2025-08-06,231,166,17,3
2025-08-07,213,175,18,1
2025-08-08,197,141,14,1
2025-08-09,143,106,16,0
2025-08-10,132,104,18,1
2025-08-11,244,189,28,0
2025-08-12,409,213,23,2
2025-08-13,200,176,17,1
2025-08-14,222,163,23,1
2025-08-15,203,128,19,0
2025-08-16,144,115,13,4
2025-08-17,120,116,14,1
2025-08-18,236,173,24,1
2025-08-19,221,169,20,0
2025-08-20,210,155,22,1
2025-08-21,194,146,20,0
2025-08-22,195,153,27,1
2025-08-23,143,116,18,3
2025-08-24,134,108,18,0
2025-08-25,261,184,31,0
2025-08-26,224,191,19,1
2025-08-27,226,191,24,2
2025-08-28,209,172,26,0
2025-08-29,206,161,18,1
2025-08-30,157,112,14,1
2025-08-31,159,105,16,1
2025-09-01,152,114,18,0
2025-09-02,263,222,18,0
2025-09-03,269,190,30,0
2025-09-04,263,202,17,4
2025-09-05,260,191,18,1
2025-09-06,168,128,24,0
2025-09-07,136,126,22,0
2025-09-08,281,229,10,1
2025-09-09,273,192,34,3
2025-09-10,241,198,24,0
2025-09-11,261,214,23,2
2025-09-12,248,166,28,1
2025-09-13,171,147,15,2
2025-09-14,151,157,15,0
2025-09-15,349,229,21,0
2025-09-16,303,219,20,0
2025-09-17,283,174,31,0
2025-09-18,245,190,24,0
2025-09-19,221,143,23,0
2025-09-20,140,121,15,0
2025-09-21,146,110,17,0
2025-09-22,264,173,21,0
2025-09-23,223,156,26,2
2025-09-24,211,183,23,2
2025-09-25,212,150,16,1
2025-09-26,195,123,24,0
2025-09-27,96,81,13,2
2025-09-28,126,70,18,0
2025-09-29,226,125,18,0
2025-09-30,189,107,18,1
2025-10-01,152,117,14,3
2025-10-02,139,96,15,1
2025-10-03,146,99,22,0
2025-10-04,96,68,11,4
2025-10-05,102,58,23,0
2025-10-06,153,104,16,1
2025-10-07,126,88,18,0
2025-10-08,119,88,15,0
2025-10-09,108,70,4,2
2025-10-10,87,54,2,0
2025-10-11,69,45,1,0
2025-10-12,71,37,1,0
2025-10-13,61,51,0,0
