date,mob_retail,mob_grocery,mob_parks,mob_transit,mob_work,mob_residential
2020-02-15,-1.0,-5.2,-7.6,-3.4,1.0,0.2
2020-02-16,2.2,-4.4,4.4,-1.6,-1.6,-0.6
2020-02-17,4.8,-4.6,17.0,-22.4,-42.4,10.0
2020-02-18,-1.4,-4.4,-4.4,-6.0,-9.2,2.8
2020-02-19,2.0,-3.2,10.6,-4.2,-8.4,1.8
2020-02-20,1.0,-3.4,-2.2,-5.0,-8.6,2.0
2020-02-21,-3.6,-7.2,-8.8,-7.2,-8.8,3.6
2020-02-22,6.0,0.4,27.8,4.4,5.0,-1.0
2020-02-23,5.2,0.4,46.0,3.0,1.4,-1.0
2020-02-24,3.4,-1.0,21.6,1.2,5.0,-0.2
2020-02-25,-2.4,-3.6,-2.6,0.0,3.2,0.2
2020-02-26,1.4,-0.4,-2.4,-0.4,3.0,0.0
2020-02-27,2.8,0.2,-5.2,0.2,3.2,0.0
2020-02-28,1.6,0.4,-8.0,0.6,3.8,0.0
2020-02-29,5.0,1.8,-6.0,1.2,5.6,-0.6
2020-03-01,4.6,2.4,3.0,0.0,1.4,-0.2
2020-03-02,7.2,5.8,15.4,0.8,5.4,-0.2
2020-03-03,3.4,4.8,5.8,0.8,4.0,0.0
2020-03-04,7.4,7.8,17.6,0.0,2.2,-0.2
2020-03-05,8.2,9.2,19.8,0.4,3.0,-0.6
2020-03-06,-4.4,-2.2,-9.4,-3.6,2.2,1.6
2020-03-07,6.8,8.4,22.2,3.0,6.4,-0.2
2020-03-08,5.2,5.4,51.4,0.0,0.6,-0.2
2020-03-09,8.2,7.2,54.0,-1.4,2.0,0.6
2020-03-10,1.6,8.4,17.6,-4.6,-2.2,2.0
2020-03-11,2.2,10.0,21.4,-7.4,-3.2,2.2
2020-03-12,-1.2,27.0,2.8,-12.2,-7.2,4.2
2020-03-13,-8.4,26.4,10.0,-18.4,-12.0,6.4
2020-03-14,-12.2,19.0,31.4,-17.6,-3.8,4.0
2020-03-15,-18.8,11.0,27.8,-24.6,-10.4,5.2
2020-03-16,-19.8,18.6,-16.4,-35.2,-31.2,13.4
2020-03-17,-31.8,12.2,-13.0,-41.4,-37.2,16.6
2020-03-18,-33.4,8.0,1.0,-44.4,-40.4,17.6
2020-03-19,-40.4,-2.2,-18.2,-49.0,-44.8,20.4
2020-03-20,-41.6,5.8,3.2,-49.0,-48.0,22.0
2020-03-21,-48.0,1.2,1.2,-47.2,-33.6,14.2
2020-03-22,-59.0,-21.4,-28.6,-57.4,-40.8,14.8
2020-03-23,-66.8,-43.2,-67.2,-68.4,-61.8,29.0
2020-03-24,-55.6,-19.8,-14.8,-61.8,-61.8,27.0
2020-03-25,-61.0,-29.6,-48.6,-65.2,-62.8,28.6
2020-03-26,-56.8,-21.8,-11.8,-63.2,-63.4,28.2
2020-03-27,-59.0,-24.4,-9.2,-62.6,-63.2,29.8
2020-03-28,-68.4,-33.6,-55.8,-64.6,-50.8,20.0
2020-03-29,-69.2,-36.4,-57.0,-66.2,-51.6,18.0
2020-03-30,-60.2,-30.4,-42.8,-66.4,-66.0,29.0
2020-03-31,-60.6,-29.8,-43.8,-67.2,-67.8,30.0
2020-04-01,-57.6,-25.2,-28.0,-66.4,-68.0,29.6
2020-04-02,-59.8,-25.6,-37.6,-67.6,-68.8,31.2
2020-04-03,-63.8,-28.6,-57.2,-68.2,-68.8,33.0
2020-04-04,-64.6,-26.0,-20.2,-62.2,-54.0,20.0
2020-04-05,-66.8,-33.0,-27.4,-65.2,-53.2,17.4
2020-04-06,-59.8,-27.4,-20.0,-67.6,-68.6,29.6
2020-04-07,-66.2,-20.4,-23.2,-68.4,-69.6,30.2
2020-04-08,-68.2,-22.6,-29.2,-69.6,-70.4,30.6
2020-04-09,-70.6,-25.8,-49.2,-71.4,-71.8,32.2
2020-04-10,-71.8,-24.2,-54.8,-71.2,-72.4,34.2
2020-04-11,-69.4,-17.8,-17.6,-62.8,-54.0,19.8
2020-04-12,-76.4,-40.2,-19.8,-65.0,-54.6,17.8
2020-04-13,-76.2,-47.0,-62.4,-74.8,-70.6,32.6
2020-04-14,-65.0,-23.2,-20.6,-66.8,-68.0,29.2
2020-04-15,-65.2,-26.4,-28.0,-68.2,-68.8,30.2
2020-04-16,-66.4,-24.8,-38.8,-68.8,-68.6,30.0
2020-04-17,-68.2,-26.0,-44.4,-67.4,-67.0,31.8
2020-04-18,-72.2,-30.2,-49.6,-64.4,-51.2,20.4
2020-04-19,-69.0,-29.6,2.2,-61.8,-48.4,16.4
2020-04-20,-65.6,-28.4,-30.6,-67.0,-65.6,28.8
2020-04-21,-68.8,-33.8,-44.6,-70.2,-67.2,30.2
2020-04-22,-64.6,-24.6,-29.2,-67.6,-66.2,29.0
2020-04-23,-65.4,-25.0,-37.8,-68.0,-66.4,29.8
2020-04-24,-70.2,-32.2,-57.8,-69.8,-66.2,32.4
2020-04-25,-64.4,-19.2,26.0,-56.6,-46.4,17.0
2020-04-26,-74.2,-40.0,-61.0,-67.0,-50.0,17.6
2020-04-27,-64.8,-29.2,-44.6,-67.2,-64.0,28.6
2020-04-28,-59.8,-19.0,16.0,-63.6,-64.0,21.6
2020-04-29,-64.0,-27.4,-39.4,-67.2,-64.6,28.6
2020-04-30,-64.8,-28.4,-50.2,-68.6,-65.6,29.8
2020-05-01,-62.2,-21.0,-29.0,-64.2,-63.2,29.4
2020-05-02,-58.4,-14.0,59.6,-52.6,-42.4,15.0
2020-05-03,-61.4,-23.4,47.6,-56.4,-42.6,13.2
2020-05-04,-57.0,-21.8,-11.6,-63.0,-61.4,26.0
2020-05-05,-56.2,-15.8,-3.0,-62.4,-62.0,25.8
2020-05-06,-62.4,-25.4,-45.8,-66.0,-62.6,27.6
2020-05-07,-56.2,-12.2,13.6,-62.0,-61.6,26.0
2020-05-08,-63.2,-21.2,-46.4,-64.8,-61.4,28.6
2020-05-09,-61.2,-13.8,-28.0,-57.2,-42.2,16.6
2020-05-10,-58.4,-19.4,19.4,-53.8,-39.4,12.4
2020-05-11,-61.0,-28.2,-33.2,-64.8,-60.0,26.2
2020-05-12,-56.8,-16.2,-3.8,-61.6,-59.8,25.0
2020-05-13,-54.8,-16.4,6.6,-61.4,-59.6,25.4
2020-05-14,-54.0,-14.8,8.8,-61.4,-59.8,23.8
2020-05-15,-54.8,-15.4,23.2,-59.0,-58.4,25.4
2020-05-16,-55.0,-15.0,61.4,-50.4,-38.2,13.2
2020-05-17,-57.4,-21.6,39.8,-54.4,-37.0,12.2
2020-05-18,-53.0,-20.2,-2.6,-60.4,-57.2,24.0
2020-05-19,-51.8,-15.0,-1.0,-59.4,-58.0,24.2
2020-05-20,-51.2,-14.4,6.8,-59.8,-58.0,23.8
2020-05-21,-49.6,-11.4,19.2,-58.8,-58.2,23.8
2020-05-22,-53.2,-14.2,1.6,-58.2,-56.4,24.4
2020-05-23,-61.4,-23.2,-33.4,-57.8,-38.2,15.8
2020-05-24,-54.0,-16.6,56.6,-51.0,-35.2,10.0
2020-05-25,-56.0,-23.6,44.0,-67.2,-72.2,25.6
2020-05-26,-49.4,-14.2,30.8,-57.0,-55.6,21.8
2020-05-27,-48.2,-13.4,27.4,-56.8,-55.4,22.4
2020-05-28,-50.2,-13.0,2.6,-58.0,-56.6,23.2
2020-05-29,-52.4,-15.0,12.2,-57.2,-55.8,24.6
2020-05-30,-50.4,-10.4,82.0,-45.2,-27.4,10.8
2020-05-31,-51.6,-16.8,71.4,-48.2,-27.8,9.4
2020-06-01,-47.6,-15.4,13.8,-55.2,-53.4,21.4
2020-06-02,-51.2,-15.6,4.4,-57.4,-55.0,23.2
2020-06-03,-52.2,-17.2,0.4,-58.8,-55.2,23.6
2020-06-04,-48.0,-9.6,33.0,-55.8,-54.2,22.2
2020-06-05,-53.2,-17.0,-17.2,-57.4,-53.6,24.2
2020-06-06,-50.2,-11.6,58.8,-45.6,-27.2,11.0
2020-06-07,-48.0,-13.2,95.8,-45.2,-26.4,8.0
2020-06-08,-42.8,-11.8,37.6,-53.4,-50.4,19.4
2020-06-09,-42.6,-8.8,48.4,-53.4,-51.6,19.4
2020-06-10,-42.6,-9.6,41.0,-53.0,-51.4,19.6
2020-06-11,-47.0,-13.4,-4.0,-56.4,-52.6,21.8
2020-06-12,-44.6,-7.2,48.6,-50.6,-50.0,19.4
2020-06-13,-44.8,-6.2,99.2,-40.0,-22.2,8.0
2020-06-14,-45.8,-13.4,97.0,-43.4,-23.2,7.2
2020-06-15,-42.2,-13.2,27.8,-52.4,-50.0,18.8
2020-06-16,-40.4,-7.4,46.8,-50.6,-50.6,18.8
2020-06-17,-41.4,-9.6,34.6,-51.6,-51.0,19.0
2020-06-18,-41.2,-6.6,31.8,-51.6,-51.2,18.8
2020-06-19,-42.8,-6.6,51.6,-48.6,-50.2,17.6
2020-06-20,-44.2,-3.6,86.2,-39.2,-21.4,7.2
2020-06-21,-46.4,-11.4,90.4,-41.0,-22.2,5.4
2020-06-22,-38.6,-14.2,37.0,-49.0,-51.2,17.0
2020-06-23,-34.8,-5.4,50.2,-46.4,-51.2,16.4
2020-06-24,-35.6,-7.6,46.0,-48.2,-50.0,17.0
2020-06-25,-34.4,-4.6,46.4,-47.0,-50.0,16.8
2020-06-26,-38.6,-7.4,50.2,-45.2,-48.8,16.4
2020-06-27,-43.2,-11.0,36.6,-38.2,-24.0,8.0
2020-06-28,-41.0,-14.2,76.8,-38.0,-20.4,6.2
2020-06-29,-32.8,-11.2,36.2,-47.0,-47.8,16.0
2020-06-30,-30.6,-7.2,28.6,-47.2,-49.4,16.6
2020-07-01,-31.0,-7.2,24.6,-47.8,-49.4,16.4
2020-07-02,-25.2,2.2,59.6,-44.2,-49.2,14.0
2020-07-03,-33.8,-0.8,19.2,-50.2,-59.8,18.4
2020-07-04,-49.4,-14.6,103.2,-40.8,-32.8,5.8
2020-07-05,-42.4,-19.8,79.8,-39.2,-25.6,3.8
2020-07-06,-36.8,-16.6,6.0,-49.6,-50.8,16.6
2020-07-07,-30.2,-3.0,36.8,-45.8,-50.6,15.8
2020-07-08,-32.8,-7.8,21.8,-47.4,-49.2,16.4
2020-07-09,-29.4,-2.0,56.6,-44.8,-49.2,15.2
2020-07-10,-50.6,-26.4,-39.8,-54.4,-52.0,21.2
2020-07-11,-35.2,-3.8,40.8,-36.8,-20.2,7.2
2020-07-12,-34.4,-9.6,116.0,-34.0,-21.8,3.6
2020-07-13,-30.0,-7.6,39.2,-46.0,-48.6,15.2
2020-07-14,-26.8,-4.0,58.6,-45.2,-49.4,14.8
2020-07-15,-26.4,-7.0,54.2,-46.0,-48.0,14.8
2020-07-16,-26.0,-4.0,54.6,-45.6,-48.6,15.2
2020-07-17,-33.6,-10.4,20.0,-46.4,-48.2,16.0
2020-07-18,-33.6,-9.6,99.0,-33.4,-20.0,4.6
2020-07-19,-36.8,-17.0,90.2,-38.2,-23.6,4.2
2020-07-20,-31.8,-14.8,29.0,-48.2,-49.2,15.8
2020-07-21,-28.6,-8.2,49.2,-46.0,-49.4,15.2
2020-07-22,-32.2,-14.4,13.0,-48.4,-48.4,16.4
2020-07-23,-28.2,-5.8,25.2,-47.0,-48.0,15.6
2020-07-24,-35.2,-12.0,9.0,-47.4,-47.8,16.6
2020-07-25,-31.2,-8.6,103.2,-32.0,-20.0,4.0
2020-07-26,-34.2,-15.4,93.4,-36.8,-22.8,3.8
2020-07-27,-30.4,-13.4,35.2,-46.8,-48.6,14.8
2020-07-28,-29.0,-9.6,35.6,-46.6,-49.0,15.4
2020-07-29,-27.8,-9.0,46.6,-45.8,-49.0,14.6
2020-07-30,-28.2,-6.8,38.6,-47.0,-49.8,15.4
2020-07-31,-32.0,-10.0,19.6,-45.4,-49.2,15.2
2020-08-01,-30.8,-8.8,107.2,-31.6,-20.4,3.4
2020-08-02,-34.4,-15.8,59.8,-39.8,-24.0,4.8
2020-08-03,-26.2,-7.0,39.0,-45.0,-47.8,13.8
2020-08-04,-43.6,-24.0,-8.6,-53.2,-54.4,20.0
2020-08-05,-23.2,-5.0,56.2,-43.4,-48.2,13.0
2020-08-06,-25.0,-4.8,44.4,-44.8,-48.8,14.0
2020-08-07,-33.4,-12.4,5.2,-45.6,-48.2,15.4
2020-08-08,-30.2,-7.8,85.8,-33.0,-20.0,4.2
2020-08-09,-31.6,-14.6,102.4,-34.4,-22.4,3.0
2020-08-10,-28.2,-11.6,42.2,-46.0,-48.4,13.8
2020-08-11,-27.8,-8.6,49.0,-45.4,-49.0,14.0
2020-08-12,-31.6,-11.6,21.4,-47.0,-48.8,15.2
2020-08-13,-32.6,-9.8,13.4,-47.4,-49.4,15.4
2020-08-14,-31.2,-9.2,42.2,-43.2,-47.6,13.4
2020-08-15,-32.6,-10.8,97.0,-31.8,-21.2,3.4
2020-08-16,-43.4,-22.6,-10.8,-45.0,-28.2,6.8
2020-08-17,-29.4,-12.4,32.6,-45.6,-48.6,13.8
2020-08-18,-28.0,-9.0,56.75,-44.6,-47.8,13.6
2020-08-19,-32.8,-14.0,19.0,-47.4,-48.6,15.0
2020-08-20,-25.2,-6.0,61.0,-43.4,-47.8,12.8
2020-08-21,-31.0,-9.6,41.2,-42.0,-46.8,13.2
2020-08-22,-33.0,-11.6,97.5,-31.8,-20.4,3.0
2020-08-23,-33.4,-16.0,78.0,-35.4,-22.6,3.0
2020-08-24,-30.4,-14.0,30.4,-45.6,-47.6,13.8
2020-08-25,-29.6,-10.8,27.2,-44.4,-48.4,14.0
2020-08-26,-26.0,-8.2,51.4,-43.8,-47.0,12.8
2020-08-27,-29.4,-10.2,25.8,-44.8,-47.8,14.2
2020-08-28,-32.4,-11.4,26.0,-42.8,-46.2,13.4
2020-08-29,-36.0,-12.0,28.4,-38.6,-23.0,6.6
2020-08-30,-29.0,-13.4,118.0,-30.6,-21.0,1.6
2020-08-31,-28.2,-12.8,29.8,-44.8,-47.2,13.2
2020-09-01,-26.4,-6.8,30.4,-43.4,-47.6,13.8
2020-09-02,-28.2,-9.6,14.4,-45.8,-47.4,14.2
2020-09-03,-25.2,-5.2,30.2,-43.2,-46.8,13.2
2020-09-04,-27.2,-5.6,42.0,-40.8,-46.2,11.8
2020-09-05,-29.4,-7.8,98.0,-30.6,-21.8,2.2
2020-09-06,-29.8,-12.8,102.75,-32.0,-21.6,1.2
2020-09-07,-32.6,-18.0,67.5,-57.0,-69.0,16.8
2020-09-08,-27.4,-7.0,36.0,-42.8,-47.4,12.2
2020-09-09,-26.0,-6.4,28.0,-43.0,-45.8,12.8
2020-09-10,-31.0,-9.4,-2.8,-45.4,-47.2,15.2
2020-09-11,-28.2,-7.0,34.6,-40.6,-44.0,12.4
2020-09-12,-26.4,-6.8,86.8,-29.4,-18.0,3.4
2020-09-13,-29.4,-11.2,66.0,-34.0,-19.6,4.0
2020-09-14,-26.8,-10.6,25.0,-42.2,-42.6,13.0
2020-09-15,-25.0,-6.8,26.0,-41.0,-42.6,13.0
2020-09-16,-26.6,-10.0,26.2,-43.0,-43.4,13.2
2020-09-17,-26.2,-7.4,27.0,-42.2,-43.2,13.2
2020-09-18,-28.2,-8.8,18.2,-41.0,-42.8,13.0
2020-09-19,-25.8,-7.8,61.8,-29.8,-18.4,3.8
2020-09-20,-28.8,-14.0,50.0,-34.2,-20.8,3.6
2020-09-21,-27.6,-11.8,8.8,-42.8,-44.2,13.8
2020-09-22,-26.2,-8.8,17.4,-42.4,-44.0,13.6
2020-09-23,-25.8,-8.4,23.0,-42.4,-42.0,13.0
2020-09-24,-26.6,-7.4,15.8,-42.0,-42.4,13.2
2020-09-25,-28.0,-9.2,15.8,-40.8,-41.2,12.4
2020-09-26,-27.6,-8.8,53.2,-30.4,-17.4,3.0
2020-09-27,-30.0,-13.8,52.0,-33.2,-18.4,3.4
2020-09-28,-28.4,-13.4,11.8,-45.8,-48.4,14.2
2020-09-29,-32.2,-13.0,-18.6,-44.4,-43.4,14.2
2020-09-30,-25.6,-5.4,7.4,-43.6,-42.6,13.0
2020-10-01,-23.8,-1.0,16.4,-41.2,-40.4,12.2
2020-10-02,-29.4,-6.2,-3.0,-40.6,-40.4,12.8
2020-10-03,-25.8,-4.6,49.8,-28.2,-16.4,3.6
2020-10-04,-28.8,-11.8,40.0,-31.6,-19.2,3.4
2020-10-05,-28.4,-8.4,5.4,-41.4,-42.8,13.0
2020-10-06,-26.8,-4.4,17.2,-40.6,-43.4,12.8
2020-10-07,-30.2,-9.2,1.4,-43.0,-42.6,13.8
2020-10-08,-28.2,-4.6,9.8,-40.8,-42.6,13.4
2020-10-09,-31.2,-7.8,8.4,-39.8,-41.4,12.6
2020-10-10,-30.6,-9.4,47.0,-27.4,-16.8,3.6
2020-10-11,-33.4,-15.6,28.6,-33.4,-19.8,3.8
2020-10-12,-44.4,-29.2,-56.0,-55.2,-55.0,19.4
2020-10-13,-35.0,-11.0,-25.0,-43.8,-43.4,14.8
2020-10-14,-26.6,-5.2,15.2,-39.2,-40.6,13.0
2020-10-15,-26.4,-4.0,18.0,-38.4,-40.8,12.8
2020-10-16,-43.2,-22.6,-44.2,-46.2,-43.0,16.8
2020-10-17,-27.0,-4.2,32.6,-27.6,-16.4,4.0
2020-10-18,-30.0,-13.0,33.6,-31.0,-17.6,4.2
2020-10-19,-30.4,-10.8,0.4,-40.6,-41.2,13.6
2020-10-20,-30.6,-8.2,1.0,-40.8,-41.8,13.8
2020-10-21,-29.4,-7.2,3.6,-41.8,-40.8,13.8
2020-10-22,-29.0,-5.4,6.6,-40.4,-40.6,13.6
2020-10-23,-30.4,-6.6,-0.4,-40.0,-40.0,13.2
2020-10-24,-27.6,-5.0,37.0,-30.0,-16.4,3.8
2020-10-25,-30.8,-11.6,11.2,-34.2,-18.8,4.6
2020-10-26,-34.4,-13.6,-31.6,-43.8,-41.6,14.4
2020-10-27,-27.4,-4.2,2.6,-40.6,-41.0,13.0
2020-10-28,-31.2,-9.6,-17.8,-43.6,-41.0,14.0
2020-10-29,-40.6,-22.0,-46.4,-49.2,-43.4,16.6
2020-10-30,-34.2,-8.2,-37.4,-45.6,-42.0,15.2
2020-10-31,-27.2,1.0,17.6,-30.6,-16.8,4.4
2020-11-01,-37.6,-18.4,-23.6,-39.6,-20.8,6.2
2020-11-02,-32.4,-10.0,-32.2,-44.8,-40.8,13.8
2020-11-03,-28.4,-2.8,-16.6,-45.6,-47.0,15.0
2020-11-04,-32.4,-11.8,-5.8,-44.8,-41.2,15.0
2020-11-05,-29.6,-6.8,4.6,-41.2,-40.4,13.8
2020-11-06,-31.8,-9.4,1.8,-41.0,-39.2,13.6
2020-11-07,-27.2,-7.2,58.6,-28.8,-14.6,4.0
2020-11-08,-28.0,-12.0,58.2,-30.8,-16.0,3.8
2020-11-09,-30.8,-10.4,6.6,-42.0,-39.6,13.6
2020-11-10,-28.2,-6.0,12.4,-40.2,-40.2,13.0
2020-11-11,-34.8,-16.2,-29.0,-50.2,-48.8,17.6
2020-11-12,-37.0,-12.4,-37.4,-45.6,-41.8,16.0
2020-11-13,-36.8,-9.8,-34.6,-44.4,-40.8,15.8
2020-11-14,-30.4,-4.8,14.0,-31.8,-15.8,5.4
2020-11-15,-36.0,-14.0,-9.2,-38.4,-19.2,6.4
2020-11-16,-33.2,-11.8,-20.4,-43.4,-40.6,14.2
2020-11-17,-34.0,-10.0,-25.2,-43.8,-41.4,14.8
2020-11-18,-35.0,-13.4,-32.0,-46.2,-41.6,15.2
2020-11-19,-32.6,-8.2,-24.0,-44.8,-42.6,15.4
2020-11-20,-33.0,-7.8,-9.4,-43.0,-41.6,15.0
2020-11-21,-29.6,-5.6,23.4,-31.8,-15.2,5.8
2020-11-22,-33.8,-12.0,-11.4,-38.6,-17.2,6.4
2020-11-23,-33.0,-10.2,-33.4,-46.2,-43.0,15.2
2020-11-24,-26.8,2.8,-18.4,-43.0,-42.6,14.0
2020-11-25,-21.6,16.2,-15.8,-44.2,-43.6,13.0
2020-11-26,-62.0,-25.2,-32.4,-66.2,-74.2,23.6
2020-11-27,-39.4,-24.4,-11.2,-54.6,-58.0,19.0
2020-11-28,-36.6,-18.2,3.2,-38.0,-19.6,7.4
2020-11-29,-34.0,-18.6,8.2,-37.2,-18.2,5.6
2020-11-30,-45.6,-30.2,-48.6,-51.2,-46.0,18.0
2020-12-01,-31.0,-6.0,-25.6,-44.2,-43.4,15.0
2020-12-02,-34.0,-11.6,-32.4,-47.4,-42.6,16.0
2020-12-03,-31.4,-6.0,-19.8,-45.0,-42.4,15.6
2020-12-04,-38.4,-12.8,-37.6,-46.4,-42.4,16.8
2020-12-05,-40.0,-16.6,-37.6,-43.4,-20.4,9.4
2020-12-06,-33.6,-14.2,-19.2,-39.4,-18.0,6.6
2020-12-07,-34.4,-13.4,-32.0,-46.2,-42.8,15.2
2020-12-08,-35.0,-12.6,-35.0,-47.6,-42.2,15.6
2020-12-09,-36.2,-14.6,-37.0,-48.8,-42.8,16.4
2020-12-10,-32.0,-6.8,-18.0,-46.2,-42.2,15.2
2020-12-11,-34.0,-9.4,-16.6,-45.4,-41.4,15.2
2020-12-12,-34.2,-10.0,-10.0,-38.0,-17.8,7.4
2020-12-13,-29.6,-11.4,19.6,-36.8,-17.2,5.6
2020-12-14,-40.0,-19.2,-45.8,-50.4,-44.4,16.6
2020-12-15,-27.6,3.6,-26.6,-45.2,-43.0,13.8
2020-12-16,-41.6,-8.0,-42.8,-51.2,-46.4,18.6
2020-12-17,-62.8,-45.2,-42.4,-63.6,-64.6,28.6
2020-12-18,-44.0,-19.8,-43.2,-47.2,-45.2,18.4
2020-12-19,-37.8,-12.4,-24.6,-37.8,-19.4,8.4
2020-12-20,-38.0,-16.2,-33.0,-40.8,-19.6,7.8
2020-12-21,-28.4,-6.6,-31.0,-45.2,-43.2,14.0
2020-12-22,-23.6,1.6,-29.2,-44.4,-44.0,13.6
2020-12-23,-18.2,10.8,-24.0,-44.2,-43.2,12.2
2020-12-24,-25.2,17.4,-31.4,-50.8,-54.0,15.4
2020-12-25,-77.4,-54.0,-60.4,-74.8,-79.2,28.8
2020-12-26,-46.2,-24.6,-32.2,-47.8,-27.0,10.0
2020-12-27,-42.6,-24.8,-20.4,-44.0,-20.6,7.6
2020-12-28,-33.2,-14.6,-20.0,-49.2,-48.0,16.0
2020-12-29,-33.0,-11.6,-30.0,-49.8,-49.0,16.4
2020-12-30,-28.8,-3.2,-27.2,-49.0,-48.2,15.8
2020-12-31,-29.8,7.0,-39.8,-52.4,-53.6,17.2
2021-01-01,-66.0,-47.0,-49.6,-72.2,-76.0,28.6
2021-01-02,-40.4,-14.8,-3.0,-42.6,-25.4,8.8
2021-01-03,-51.4,-30.6,-50.8,-50.6,-24.4,10.0
2021-01-04,-37.4,-13.0,-32.0,-48.4,-44.0,16.0
2021-01-05,-36.6,-10.0,-30.6,-48.8,-44.8,16.6
2021-01-06,-38.4,-14.4,-31.2,-50.2,-44.2,16.8
2021-01-07,-38.8,-12.4,-29.4,-50.2,-44.4,17.0
2021-01-08,-42.0,-15.6,-38.8,-50.6,-43.8,17.4
2021-01-09,-40.8,-15.2,-27.6,-44.0,-22.0,9.0
2021-01-10,-40.8,-18.8,-19.2,-45.8,-22.0,8.2
2021-01-11,-40.4,-18.4,-38.6,-51.4,-44.4,16.8
2021-01-12,-37.0,-12.2,-25.8,-49.4,-44.8,16.2
2021-01-13,-39.0,-16.0,-31.8,-51.8,-44.8,16.4
2021-01-14,-38.8,-15.0,-22.8,-51.0,-45.6,15.8
2021-01-15,-44.0,-19.0,-40.8,-52.4,-45.6,16.8
2021-01-16,-42.6,-18.2,-22.2,-46.0,-23.8,8.2
2021-01-17,-43.2,-23.0,-22.0,-47.4,-24.4,7.4
2021-01-18,-38.2,-20.6,-27.4,-59.4,-57.6,18.8
2021-01-19,-40.8,-17.2,-33.4,-51.6,-45.6,16.0
2021-01-20,-42.8,-22.0,-41.2,-54.6,-46.4,17.6
2021-01-21,-40.0,-16.0,-33.8,-52.0,-45.2,16.6
2021-01-22,-42.0,-15.6,-36.2,-51.0,-44.6,16.6
2021-01-23,-44.4,-20.4,-36.6,-47.6,-24.4,9.0
2021-01-24,-46.6,-25.4,-37.0,-50.8,-25.0,8.4
2021-01-25,-41.8,-20.2,-38.0,-52.2,-45.2,16.2
2021-01-26,-47.0,-24.6,-48.2,-54.6,-47.4,18.0
2021-01-27,-41.0,-18.4,-38.0,-52.6,-44.8,16.4
2021-01-28,-41.4,-17.8,-40.4,-52.6,-45.6,16.8
2021-01-29,-48.8,-25.2,-53.8,-55.2,-46.8,18.8
2021-01-30,-43.2,-14.4,-35.4,-47.6,-24.0,8.8
2021-01-31,-42.8,-5.8,-42.8,-48.2,-23.6,7.8
2021-02-01,-82.0,-66.4,-70.6,-75.2,-75.8,34.2
2021-02-02,-62.2,-38.6,-55.2,-63.6,-65.2,27.2
2021-02-03,-45.6,-19.6,-45.4,-49.8,-47.2,17.8
2021-02-04,-40.2,-11.2,-38.0,-47.2,-45.2,16.2
2021-02-05,-42.6,-14.4,-41.8,-48.6,-44.2,17.0
2021-02-06,-37.2,-2.6,-24.2,-40.0,-19.8,7.2
2021-02-07,-62.0,-39.0,-50.8,-54.6,-31.4,11.8
2021-02-08,-43.4,-21.2,-46.0,-50.2,-46.4,16.6
2021-02-09,-42.0,-16.8,-47.0,-50.8,-46.0,17.0
2021-02-10,-37.8,-12.8,-40.6,-49.2,-44.4,15.8
2021-02-11,-40.4,-16.4,-43.0,-49.4,-45.4,16.8
2021-02-12,-40.2,-14.0,-45.6,-50.6,-46.6,16.8
2021-02-13,-38.8,-8.6,-38.4,-44.4,-22.6,8.0
2021-02-14,-39.2,-18.8,-34.8,-44.0,-22.6,7.4
2021-02-15,-41.2,-23.8,-48.0,-56.8,-59.2,19.4
2021-02-16,-38.4,-18.2,-32.2,-50.0,-48.0,16.0
2021-02-17,-34.4,-9.6,-39.2,-49.2,-46.0,15.0
2021-02-18,-60.4,-39.4,-59.2,-58.2,-55.8,23.8
2021-02-19,-50.4,-28.0,-54.0,-53.0,-51.0,21.0
2021-02-20,-39.0,-15.2,-30.0,-41.6,-22.4,7.6
2021-02-21,-39.4,-20.4,-27.8,-42.8,-21.8,7.0
2021-02-22,-45.4,-27.8,-52.0,-51.6,-45.6,17.2
2021-02-23,-35.6,-13.4,-38.6,-47.6,-44.4,15.4
2021-02-24,-30.8,-10.4,-19.2,-46.2,-43.0,14.2
2021-02-25,-32.8,-11.6,-24.0,-46.4,-43.8,14.6
2021-02-26,-36.0,-13.6,-27.8,-46.2,-43.8,14.8
2021-02-27,-38.0,-17.6,-28.2,-42.6,-22.6,7.6
2021-02-28,-40.4,-23.0,-40.8,-44.2,-23.4,7.4
2021-03-01,-36.4,-16.2,-36.6,-48.0,-44.4,15.0
2021-03-02,-36.4,-16.6,-39.4,-48.4,-44.8,15.4
2021-03-03,-29.4,-9.0,-12.4,-45.0,-43.4,14.2
2021-03-04,-33.4,-11.8,-30.8,-46.8,-44.2,15.2
2021-03-05,-37.2,-14.2,-38.6,-47.0,-43.6,15.6
2021-03-06,-34.6,-13.4,-25.8,-41.0,-21.6,6.6
2021-03-07,-34.6,-17.4,-12.4,-41.4,-21.0,6.0
2021-03-08,-34.6,-15.6,-28.4,-47.6,-44.0,15.0
2021-03-09,-28.2,-9.2,11.8,-44.4,-43.2,13.6
2021-03-10,-29.6,-10.2,-6.2,-46.0,-43.0,14.0
2021-03-11,-26.2,-7.8,18.8,-43.8,-43.0,13.2
2021-03-12,-30.6,-10.8,5.6,-44.0,-42.6,13.6
2021-03-13,-29.4,-11.0,8.0,-36.2,-20.4,5.4
2021-03-14,-32.0,-18.0,-1.4,-38.6,-21.2,5.6
2021-03-15,-35.0,-17.8,-35.8,-48.0,-44.0,15.2
2021-03-16,-33.6,-13.6,-33.2,-47.2,-44.0,15.2
2021-03-17,-27.8,-10.0,-22.4,-45.6,-42.8,14.0
2021-03-18,-37.0,-19.8,-45.0,-48.8,-44.8,16.2
2021-03-19,-31.6,-11.4,-30.4,-44.8,-42.8,14.0
2021-03-20,-24.4,-8.4,32.4,-32.6,-19.4,3.6
2021-03-21,-23.0,-12.8,53.2,-33.2,-19.0,3.6
2021-03-22,-26.6,-12.0,1.2,-43.6,-42.8,13.0
2021-03-23,-25.4,-9.0,9.0,-43.2,-43.4,12.8
2021-03-24,-33.4,-19.0,-34.4,-47.0,-44.4,14.8
2021-03-25,-24.0,-5.6,4.4,-43.0,-43.4,12.8
2021-03-26,-27.6,-10.6,7.6,-42.0,-43.4,12.4
2021-03-27,-24.4,-9.8,52.6,-30.6,-19.6,3.2
2021-03-28,-41.4,-27.8,-37.6,-45.4,-26.8,7.4
2021-03-29,-27.0,-13.6,-12.6,-47.0,-48.6,13.6
2021-03-30,-22.6,-6.6,14.4,-43.4,-47.6,12.6
2021-03-31,-28.4,-12.4,-23.0,-46.6,-48.0,14.2
2021-04-01,-26.6,-6.2,-23.8,-46.0,-47.8,14.2
2021-04-02,-33.2,-10.2,-33.8,-49.4,-51.2,16.2
2021-04-03,-26.0,-4.2,22.8,-34.0,-21.2,4.6
2021-04-04,-36.4,-18.0,45.0,-36.6,-26.6,3.0
2021-04-05,-25.2,-10.8,9.4,-43.8,-44.2,12.8
2021-04-06,-23.4,-6.0,21.6,-41.6,-42.6,12.0
2021-04-07,-22.6,-7.2,18.0,-41.8,-42.8,12.0
2021-04-08,-21.6,-4.6,24.2,-40.4,-41.8,11.6
2021-04-09,-30.0,-11.2,-11.4,-42.2,-42.0,12.8
2021-04-10,-24.8,-9.4,44.2,-31.4,-19.6,3.4
2021-04-11,-39.2,-26.0,-40.8,-43.4,-24.2,7.2
2021-04-12,-34.6,-16.4,-39.6,-46.4,-43.0,14.4
2021-04-13,-24.2,-5.0,16.4,-41.0,-41.6,12.0
2021-04-14,-24.8,-8.6,10.8,-42.0,-41.6,12.0
2021-04-15,-36.6,-20.6,-39.0,-46.8,-43.4,15.2
2021-04-16,-30.6,-11.4,-21.2,-42.6,-41.0,13.0
2021-04-17,-25.6,-10.6,28.2,-30.6,-19.4,3.6
2021-04-18,-24.4,-14.6,48.6,-31.8,-19.2,3.6
2021-04-19,-26.8,-11.6,3.8,-42.2,-41.0,12.6
2021-04-20,-20.2,-6.2,42.6,-38.6,-40.8,11.0
2021-04-21,-29.8,-13.8,-19.0,-44.6,-42.4,14.0
2021-04-22,-28.4,-9.8,-19.6,-43.2,-41.4,13.2
2021-04-23,-27.2,-9.2,6.8,-40.2,-40.2,11.4
2021-04-24,-22.8,-9.0,67.4,-27.6,-19.0,2.2
2021-04-25,-31.4,-17.6,3.4,-37.4,-21.2,5.6
2021-04-26,-26.2,-10.2,1.8,-41.8,-40.8,12.2
2021-04-27,-23.8,-7.0,11.6,-41.0,-40.8,12.0
2021-04-28,-19.2,-6.8,42.4,-39.4,-40.6,10.8
2021-04-29,-26.6,-8.2,-10.6,-41.8,-41.6,12.8
2021-04-30,-26.8,-7.6,-7.0,-39.4,-40.4,11.8
2021-05-01,-21.6,-6.2,52.6,-27.6,-18.6,2.2
2021-05-02,-21.8,-12.4,71.4,-28.2,-18.6,2.2
2021-05-03,-27.2,-10.0,-16.4,-41.0,-41.4,12.6
2021-05-04,-20.8,-3.0,15.2,-38.6,-40.8,11.0
2021-05-05,-28.8,-13.2,-30.4,-43.4,-41.8,13.0
2021-05-06,-18.8,-0.2,23.2,-37.4,-40.2,10.0
2021-05-07,-23.4,-4.8,6.0,-38.0,-39.8,10.4
2021-05-08,-24.4,-4.2,0.0,-31.8,-20.0,3.4
2021-05-09,-23.2,-13.4,8.8,-30.2,-19.4,1.8
2021-05-10,-26.6,-10.0,-7.4,-41.2,-41.4,12.0
2021-05-11,-22.0,-4.4,13.0,-38.0,-40.4,11.0
2021-05-12,-20.4,-3.6,19.6,-37.6,-41.2,10.6
2021-05-13,-17.8,-3.6,41.4,-38.0,-45.0,10.8
2021-05-14,-22.8,-6.2,26.6,-36.2,-41.0,10.0
2021-05-15,-20.4,-7.6,82.4,-22.6,-20.8,0.6
2021-05-16,-22.4,-12.2,59.8,-27.6,-19.0,2.0
2021-05-17,-22.2,-8.4,23.2,-38.8,-43.4,11.6
2021-05-18,-19.2,-4.2,37.4,-37.4,-42.8,10.2
2021-05-19,-17.2,-3.8,39.6,-38.2,-40.0,9.8
2021-05-20,-17.8,-0.6,32.2,-36.6,-39.8,10.0
2021-05-21,-22.6,-4.2,25.2,-34.6,-39.0,9.2
2021-05-22,-21.2,-7.0,74.4,-21.2,-18.8,0.8
2021-05-23,-20.2,-11.0,83.8,-23.8,-18.0,1.2
2021-05-24,-22.6,-7.6,4.8,-38.6,-40.2,11.0
2021-05-25,-18.4,-3.4,27.4,-36.2,-39.4,9.6
2021-05-26,-20.0,-7.4,17.4,-36.6,-39.6,10.6
2021-05-27,-14.8,0.6,42.0,-34.2,-39.0,8.8
2021-05-28,-28.0,-10.2,-18.8,-38.6,-40.4,11.2
2021-05-29,-33.6,-16.6,-31.4,-37.6,-24.2,5.6
2021-05-30,-36.2,-25.8,-43.6,-41.0,-22.4,5.6
2021-05-31,-19.8,-10.8,42.0,-52.0,-68.8,15.2
2021-06-01,-18.4,0.0,28.0,-35.0,-39.4,9.2
2021-06-02,-16.8,-1.0,26.2,-35.6,-38.6,9.6
2021-06-03,-22.4,-5.2,-10.0,-38.8,-42.0,12.2
2021-06-04,-25.2,-8.2,-5.2,-35.8,-38.2,10.8
2021-06-05,-17.2,-3.6,100.0,-18.4,-16.8,-0.8
2021-06-06,-17.8,-9.0,96.8,-21.6,-16.0,0.2
2021-06-07,-19.2,-5.8,18.4,-35.8,-39.2,10.2
2021-06-08,-22.2,-9.4,-4.2,-37.4,-40.2,11.4
2021-06-09,-15.8,0.4,19.6,-35.2,-38.4,9.8
2021-06-10,-13.2,2.6,35.8,-33.0,-38.0,8.6
2021-06-11,-21.4,-3.8,5.0,-34.2,-38.2,9.2
2021-06-12,-19.0,-5.4,67.4,-19.4,-17.6,0.2
2021-06-13,-18.0,-10.4,67.0,-21.8,-15.6,0.8
2021-06-14,-21.6,-8.2,1.0,-37.8,-40.2,11.2
2021-06-15,-13.8,0.2,36.6,-32.8,-37.8,8.8
2021-06-16,-13.0,-0.6,40.6,-33.4,-38.6,8.2
2021-06-17,-12.4,1.4,44.2,-31.8,-39.0,8.0
2021-06-18,-17.6,-2.6,33.2,-33.4,-40.8,8.0
2021-06-19,-19.4,-5.0,66.6,-21.2,-19.0,-0.2
2021-06-20,-17.0,-9.2,87.8,-21.4,-18.4,-1.8
2021-06-21,-18.2,-8.2,20.8,-36.4,-41.2,9.6
2021-06-22,-21.4,-9.4,-13.8,-37.4,-41.2,10.6
2021-06-23,-11.4,-1.2,41.2,-32.4,-39.4,8.0
2021-06-24,-11.8,0.4,41.8,-33.0,-39.8,8.2
2021-06-25,-17.6,-4.4,28.0,-32.6,-39.8,8.0
2021-06-26,-20.4,-8.0,73.8,-19.4,-18.4,-0.6
2021-06-27,-18.8,-11.2,77.2,-20.4,-18.2,0.2
2021-06-28,-18.2,-8.4,22.6,-37.4,-44.4,7.8
2021-06-29,-20.2,-9.4,24.6,-38.2,-44.4,8.6
2021-06-30,-18.2,-7.2,19.0,-37.8,-43.4,9.6
2021-07-01,-21.0,-6.8,-9.4,-38.0,-43.6,10.6
2021-07-02,-22.0,-4.2,-8.2,-37.0,-44.4,10.4
2021-07-03,-24.8,-6.4,2.8,-29.4,-22.6,3.0
2021-07-04,-25.4,-12.6,121.2,-17.4,-26.8,-2.6
2021-07-05,-20.8,-13.4,53.2,-49.8,-68.4,13.4
2021-07-06,-22.2,-8.2,10.4,-35.2,-43.6,9.6
2021-07-07,-16.8,-2.0,27.8,-33.6,-43.0,9.0
2021-07-08,-22.8,-7.2,-1.0,-35.2,-43.4,10.6
2021-07-09,-24.2,-6.6,2.4,-37.8,-44.2,11.2
2021-07-10,-20.6,-6.4,74.4,-20.0,-18.8,-0.4
2021-07-11,-20.6,-11.6,63.2,-24.4,-18.4,0.8
2021-07-12,-22.0,-8.6,1.0,-36.2,-43.6,10.4
2021-07-13,-16.6,-2.0,21.8,-33.0,-42.0,9.2
2021-07-14,-15.8,-4.0,28.4,-33.8,-41.4,8.8
2021-07-15,-14.4,-1.0,41.4,-31.8,-41.0,7.6
2021-07-16,-20.8,-7.0,24.8,-33.0,-42.0,8.6
2021-07-17,-24.6,-12.2,40.0,-24.4,-19.8,1.6
2021-07-18,-18.4,-10.2,63.8,-22.4,-19.0,0.8
2021-07-19,-18.0,-5.8,21.0,-34.8,-42.6,9.2
2021-07-20,-16.2,-4.0,42.4,-33.2,-43.4,8.8
2021-07-21,-18.2,-6.6,14.8,-34.6,-41.4,9.4
2021-07-22,-14.2,-0.4,40.4,-31.8,-41.0,8.0
2021-07-23,-19.8,-5.6,28.0,-32.2,-41.6,8.0
2021-07-24,-20.6,-7.8,89.8,-18.2,-18.2,-1.0
2021-07-25,-22.0,-13.4,52.4,-24.4,-18.4,0.8
2021-07-26,-18.4,-7.0,25.8,-33.8,-42.2,9.2
2021-07-27,-16.2,-3.8,36.6,-33.8,-41.0,8.6
2021-07-28,-15.0,-4.2,36.0,-33.4,-40.8,8.4
2021-07-29,-23.2,-10.4,-5.6,-36.6,-41.6,10.4
2021-07-30,-17.8,-2.6,33.4,-32.4,-41.4,7.6
2021-07-31,-19.0,-6.6,92.0,-18.2,-18.2,-1.0
2021-08-01,-21.4,-12.6,56.0,-24.4,-18.4,0.6
2021-08-02,-16.0,-5.0,31.8,-34.4,-42.0,8.8
2021-08-03,-14.6,-1.4,38.4,-32.4,-41.4,8.6
2021-08-04,-15.4,-3.8,26.8,-33.4,-41.0,8.8
2021-08-05,-14.8,-1.0,35.8,-33.6,-40.8,8.4
2021-08-06,-20.0,-5.6,32.2,-33.4,-41.4,8.0
2021-08-07,-21.2,-8.0,77.4,-19.8,-19.4,0.0
2021-08-08,-24.0,-15.8,23.6,-26.6,-19.8,1.6
2021-08-09,-19.0,-6.2,17.4,-35.4,-42.2,9.4
2021-08-10,-18.4,-6.4,20.6,-34.0,-41.2,9.6
2021-08-11,-17.8,-6.2,24.2,-34.6,-41.4,9.2
2021-08-12,-18.2,-4.2,25.6,-34.8,-41.6,9.0
2021-08-13,-22.6,-8.2,17.0,-34.6,-42.2,8.8
2021-08-14,-22.0,-8.4,57.8,-22.8,-19.8,0.2
2021-08-15,-18.8,-11.4,81.6,-20.4,-19.2,-0.8
2021-08-16,-17.6,-7.2,22.4,-35.2,-44.4,9.4
2021-08-17,-15.6,-4.4,28.4,-34.4,-43.4,9.0
2021-08-18,-17.8,-6.2,20.0,-35.6,-41.8,9.6
2021-08-19,-17.6,-4.8,24.6,-35.4,-42.2,9.2
2021-08-20,-21.6,-6.8,14.6,-34.2,-42.8,9.0
2021-08-21,-23.8,-4.6,46.8,-23.8,-20.6,0.6
2021-08-22,-52.2,-40.4,-55.4,-51.0,-31.4,10.0
2021-08-23,-23.2,-10.8,-5.0,-41.8,-47.2,12.0
2021-08-24,-15.4,-3.4,35.2,-33.6,-43.2,8.2
2021-08-25,-16.4,-6.2,29.6,-35.0,-43.0,8.8
2021-08-26,-17.2,-4.4,27.4,-34.8,-43.4,8.8
2021-08-27,-25.8,-10.8,-0.8,-35.8,-43.8,9.8
2021-08-28,-23.6,-9.0,29.0,-25.2,-20.4,1.6
2021-08-29,-20.4,-12.4,58.4,-19.2,-19.4,0.6
2021-08-30,-19.0,-7.0,21.6,-35.4,-44.2,9.8
2021-08-31,-15.0,-0.4,36.6,-33.0,-42.6,8.8
2021-09-01,-28.2,-16.0,-20.2,-40.2,-45.4,12.8
2021-09-02,-15.4,-1.4,28.2,-35.8,-48.8,11.6
2021-09-03,-16.8,-2.2,24.6,-31.0,-43.2,8.2
2021-09-04,-18.4,-5.2,74.6,-20.0,-20.0,-0.4
2021-09-05,-21.0,-13.4,37.6,-24.8,-19.2,1.0
2021-09-06,-18.8,-12.0,56.4,-50.2,-70.2,14.8
2021-09-07,-16.6,-2.2,35.2,-35.2,-46.4,9.6
2021-09-08,-14.8,-1.4,26.6,-35.2,-44.4,9.2
2021-09-09,-22.0,-7.0,-13.8,-34.8,-42.4,10.4
2021-09-10,-17.0,-2.0,27.6,-28.8,-39.4,7.4
2021-09-11,-15.2,-3.8,77.4,-16.6,-16.4,0.2
2021-09-12,-13.4,-3.6,72.0,-17.0,-16.2,1.0
2021-09-13,-14.0,-1.4,22.4,-25.2,-41.4,7.2
2021-09-14,-14.6,1.8,31.6,-25.4,-40.0,7.0
2021-09-15,-14.6,0.2,28.6,-27.0,-40.8,7.0
2021-09-16,-17.4,-2.0,19.4,-35.4,-46.6,10.8
2021-09-17,-20.0,-3.8,9.4,-26.4,-39.6,7.2
2021-09-18,-16.2,-4.2,74.8,-17.2,-18.2,0.2
2021-09-19,-15.0,-6.0,70.2,-17.4,-17.6,0.4
2021-09-20,-16.8,-3.0,19.0,-27.2,-40.4,7.0
2021-09-21,-17.2,-2.4,26.2,-27.2,-41.0,7.6
2021-09-22,-17.2,-3.0,26.6,-29.0,-38.2,7.8
2021-09-23,-21.6,-4.8,5.0,-29.2,-38.0,8.8
2021-09-24,-18.4,-2.4,19.6,-26.0,-36.8,6.6
2021-09-25,-17.4,-5.2,72.6,-17.0,-17.4,0.0
2021-09-26,-17.4,-7.2,64.6,-18.8,-18.2,1.0
2021-09-27,-18.2,-2.2,20.4,-28.0,-36.8,7.4
2021-09-28,-23.2,-7.2,3.4,-30.6,-37.4,9.4
2021-09-29,-15.6,-1.0,20.4,-28.2,-35.8,7.0
2021-09-30,-15.4,2.0,18.0,-25.6,-33.2,7.0
2021-10-01,-16.6,0.6,14.0,-24.2,-32.4,6.0
2021-10-02,-15.2,-2.6,59.2,-16.8,-16.6,0.4
2021-10-03,-16.4,-6.4,54.8,-18.8,-16.8,1.4
2021-10-04,-22.6,-5.8,-15.2,-29.0,-34.4,8.8
2021-10-05,-17.0,1.8,9.4,-26.6,-33.0,7.4
2021-10-06,-16.4,0.0,16.0,-27.0,-32.0,7.0
2021-10-07,-15.6,2.0,26.0,-25.0,-31.8,6.2
2021-10-08,-19.0,-2.4,17.6,-25.2,-32.2,6.4
2021-10-09,-19.4,-5.2,44.2,-18.0,-18.0,0.6
2021-10-10,-25.2,-14.6,-3.4,-26.8,-19.6,3.6
2021-10-11,-17.6,-5.4,12.8,-40.6,-50.6,12.4
2021-10-12,-17.6,0.0,20.2,-26.0,-31.4,7.0
2021-10-13,-17.8,-1.4,14.8,-25.8,-31.0,7.2
2021-10-14,-15.0,1.4,29.0,-24.6,-30.4,6.2
2021-10-15,-17.6,-2.0,23.6,-24.8,-30.8,5.8
2021-10-16,-18.8,-6.0,41.8,-20.2,-16.8,1.4
2021-10-17,-17.4,-8.2,37.2,-21.0,-17.6,1.4
2021-10-18,-19.2,-4.6,-5.6,-28.0,-32.4,8.0
2021-10-19,-17.0,-1.4,13.2,-26.8,-31.2,7.0
2021-10-20,-15.8,-1.8,22.8,-25.8,-30.4,6.8
2021-10-21,-15.2,0.8,25.2,-24.6,-30.4,6.4
2021-10-22,-18.8,-3.0,15.6,-24.8,-30.4,6.2
2021-10-23,-19.2,-6.4,29.4,-19.8,-17.4,1.4
2021-10-24,-18.4,-9.2,27.8,-21.4,-17.6,1.8
2021-10-25,-18.2,-2.8,7.8,-26.4,-31.2,8.0
2021-10-26,-28.8,-13.8,-24.4,-36.6,-36.4,12.6
2021-10-27,-15.6,-0.6,-1.0,-26.0,-29.6,6.8
2021-10-28,-12.6,4.4,13.0,-23.0,-29.8,6.2
2021-10-29,-20.8,-3.8,-11.6,-26.2,-30.0,7.6
2021-10-30,-18.2,-1.4,15.0,-21.0,-17.8,2.4
2021-10-31,-14.4,-2.8,44.2,-13.0,-16.6,1.2
2021-11-01,-16.6,-1.8,2.0,-25.4,-31.2,7.0
2021-11-02,-18.0,-3.4,-8.4,-33.4,-39.8,10.4
2021-11-03,-17.2,-1.2,-2.8,-26.6,-29.0,7.4
2021-11-04,-16.8,0.2,-0.4,-26.0,-29.8,7.6
2021-11-05,-19.6,-3.0,-5.6,-25.2,-29.0,7.0
2021-11-06,-17.2,-4.0,23.6,-18.6,-16.0,1.4
2021-11-07,-17.8,-8.0,29.2,-15.2,-17.8,2.4
2021-11-08,-18.4,-2.4,1.8,-24.8,-29.4,7.2
2021-11-09,-16.4,-0.6,15.0,-24.2,-28.2,6.8
2021-11-10,-15.0,-1.2,10.6,-24.8,-28.0,6.2
2021-11-11,-14.8,-0.6,2.8,-34.4,-44.6,11.4
2021-11-12,-25.2,-9.4,-19.8,-29.4,-31.8,9.6
2021-11-13,-21.0,-9.0,4.0,-21.0,-16.8,3.0
2021-11-14,-18.4,-8.6,0.0,-21.6,-16.8,2.6
2021-11-15,-19.8,-6.0,-18.2,-26.6,-29.8,8.0
2021-11-16,-17.6,-2.0,-6.6,-25.6,-28.2,7.0
2021-11-17,-16.6,-1.8,-1.4,-25.0,-27.8,6.8
2021-11-18,-13.2,1.8,14.8,-23.0,-28.6,6.4
2021-11-19,-21.0,-5.0,-16.2,-24.8,-29.0,7.6
2021-11-20,-17.4,-3.2,11.4,-16.4,-15.4,2.0
2021-11-21,-16.4,-6.6,9.0,-18.2,-15.2,2.2
2021-11-22,-17.2,-0.4,-18.4,-26.2,-30.2,7.6
2021-11-23,-14.2,6.2,-14.2,-25.0,-30.2,6.6
2021-11-24,-5.2,21.6,-8.2,-26.6,-34.6,6.0
2021-11-25,-50.4,-20.2,-15.4,-53.6,-77.4,17.2
2021-11-26,-30.4,-23.4,-35.6,-48.0,-59.8,16.4
2021-11-27,-25.6,-15.6,-11.2,-25.6,-22.0,3.6
2021-11-28,-26.0,-17.2,-17.4,-24.6,-18.8,3.2
2021-11-29,-20.8,-7.4,-20.6,-28.0,-30.8,8.0
2021-11-30,-20.4,-3.8,-17.6,-25.8,-29.2,7.8
2021-12-01,-17.2,-0.8,-6.2,-25.4,-28.6,7.2
2021-12-02,-17.0,0.0,-2.0,-24.8,-28.8,7.4
2021-12-03,-21.0,-4.2,-12.6,-25.2,-29.4,7.8
2021-12-04,-17.0,-4.4,13.4,-16.6,-15.0,2.4
2021-12-05,-18.0,-9.0,7.4,-18.4,-15.8,3.0
2021-12-06,-19.4,-5.0,-12.0,-26.6,-29.8,8.0
2021-12-07,-18.4,-2.8,-10.8,-26.4,-27.6,7.6
2021-12-08,-19.2,-5.0,-13.4,-27.8,-27.4,7.8
2021-12-09,-18.2,-2.0,-10.6,-26.8,-27.2,7.4
2021-12-10,-20.0,-3.8,-7.4,-25.8,-27.6,7.8
2021-12-11,-19.6,-7.2,2.0,-18.6,-13.4,3.0
2021-12-12,-17.2,-9.0,5.2,-18.6,-12.8,2.4
2021-12-13,-18.0,-3.4,-9.0,-27.2,-28.2,8.0
2021-12-14,-16.4,-1.4,-0.8,-26.8,-28.2,7.4
2021-12-15,-16.2,-1.8,-4.6,-26.4,-28.0,7.2
2021-12-16,-12.6,2.8,7.0,-25.2,-28.6,7.0
2021-12-17,-18.0,-1.0,-0.8,-26.4,-30.2,8.0
2021-12-18,-21.8,-7.4,-13.0,-24.2,-15.6,4.0
2021-12-19,-16.8,-8.2,-10.6,-22.0,-14.6,3.4
2021-12-20,-15.4,-0.4,-17.6,-31.0,-33.8,9.2
2021-12-21,-13.6,6.0,-10.6,-30.8,-35.0,9.6
2021-12-22,-12.4,8.0,-13.4,-32.2,-36.4,9.4
2021-12-23,-7.8,19.4,-11.2,-33.6,-40.4,9.8
2021-12-24,-28.0,11.8,-28.8,-48.0,-64.8,17.8
2021-12-25,-68.6,-50.4,-34.0,-53.4,-58.6,12.0
2021-12-26,-29.2,-18.6,1.0,-29.2,-24.8,5.2
2021-12-27,-25.8,-9.4,-23.6,-42.8,-52.0,15.2
2021-12-28,-23.2,-4.0,-10.2,-39.2,-51.2,15.0
2021-12-29,-23.6,-4.6,-18.4,-41.8,-51.2,15.6
2021-12-30,-17.4,6.8,-8.6,-40.0,-52.2,15.0
2021-12-31,-30.0,4.4,-19.4,-49.2,-64.6,20.4
2022-01-01,-59.0,-45.0,-42.2,-51.8,-50.4,13.8
2022-01-02,-32.8,-16.2,-7.6,-32.6,-24.2,7.4
2022-01-03,-32.8,-10.6,-36.8,-41.4,-42.8,15.4
2022-01-04,-31.2,-6.6,-26.4,-38.4,-40.0,14.2
2022-01-05,-33.4,-9.6,-31.2,-39.8,-40.2,15.2
2022-01-06,-27.8,2.2,-22.6,-38.0,-38.6,13.4
2022-01-07,-47.2,-26.8,-38.0,-45.2,-46.2,20.0
2022-01-08,-36.8,-15.8,-22.6,-37.2,-22.0,8.8
2022-01-09,-39.0,-21.6,-37.4,-39.8,-21.4,8.4
2022-01-10,-31.4,-10.2,-34.2,-38.4,-37.0,12.8
2022-01-11,-37.4,-18.0,-38.0,-43.2,-38.4,14.4
2022-01-12,-29.8,-7.6,-24.6,-39.0,-35.6,12.6
2022-01-13,-27.6,-3.8,-14.2,-35.8,-35.0,11.6
2022-01-14,-32.4,-8.8,-28.8,-37.4,-34.6,12.0
2022-01-15,-39.0,-21.6,-36.6,-40.8,-21.4,7.8
2022-01-16,-38.0,-22.4,-36.8,-39.8,-20.6,7.0
2022-01-17,-37.8,-23.8,-45.6,-55.2,-58.8,19.2
2022-01-18,-31.2,-11.0,-25.6,-37.0,-33.6,11.0
2022-01-19,-26.4,-6.6,-15.6,-36.0,-32.4,10.2
2022-01-20,-33.6,-15.0,-32.0,-39.4,-34.2,12.6
2022-01-21,-34.6,-17.4,-36.8,-39.2,-32.8,12.2
2022-01-22,-32.6,-16.4,-24.0,-36.2,-18.8,6.2
2022-01-23,-32.8,-19.6,-22.4,-35.8,-18.0,5.4
2022-01-24,-30.8,-14.0,-29.0,-37.2,-32.6,11.0
2022-01-25,-27.4,-8.6,-18.6,-35.6,-31.8,10.2
2022-01-26,-29.2,-12.8,-28.6,-38.2,-32.2,10.6
2022-01-27,-26.2,-4.0,-22.8,-36.4,-31.8,10.0
2022-01-28,-31.4,2.6,-33.4,-36.8,-32.0,11.0
2022-01-29,-73.4,-60.2,-54.2,-63.0,-49.4,19.2
2022-01-30,-44.8,-31.2,-33.0,-38.8,-21.6,8.4
2022-01-31,-31.8,-15.2,-34.4,-35.8,-36.8,11.6
2022-02-01,-27.4,-9.8,-27.2,-36.2,-40.2,11.6
2022-02-02,-25.6,-6.6,-21.0,-31.4,-29.6,8.8
2022-02-03,-28.8,-9.2,-29.2,-33.0,-30.6,9.4
2022-02-04,-36.6,-18.0,-42.2,-37.8,-31.8,12.4
2022-02-05,-29.6,-13.8,-25.8,-32.0,-17.4,4.8
2022-02-06,-30.4,-17.8,-24.6,-33.8,-17.4,4.4
2022-02-07,-31.0,-14.6,-34.4,-34.4,-30.6,9.8
2022-02-08,-24.4,-5.6,-15.6,-31.0,-29.4,8.2
2022-02-09,-23.2,-6.4,-12.2,-31.4,-29.0,8.0
2022-02-10,-22.2,-3.4,-3.8,-29.4,-29.6,7.8
2022-02-11,-24.4,-5.6,-5.6,-30.8,-29.4,8.0
2022-02-12,-19.8,-5.0,29.8,-22.8,-16.6,2.0
2022-02-13,-36.4,-19.2,-34.2,-34.2,-19.0,5.0
2022-02-14,-24.4,-8.2,-32.2,-32.8,-30.8,9.0
2022-02-15,-29.4,-12.8,-25.8,-33.0,-30.0,8.6
2022-02-16,-25.2,-9.4,-17.6,-31.0,-28.8,8.0
2022-02-17,-21.2,-5.2,3.6,-28.6,-28.6,7.2
2022-02-18,-29.2,-13.6,-24.8,-32.8,-30.0,8.8
2022-02-19,-30.6,-17.4,-21.8,-30.2,-18.6,4.4
2022-02-20,-28.4,-21.2,-19.6,-30.2,-18.8,3.2
2022-02-21,-22.6,-14.0,-0.4,-44.8,-57.0,13.6
2022-02-22,-31.2,-18.8,-29.2,-38.2,-39.8,10.6
2022-02-23,-21.8,-10.4,7.6,-34.4,-38.0,8.6
2022-02-24,-28.2,-12.6,-29.0,-37.0,-38.4,9.8
2022-02-25,-37.0,-22.8,-42.0,-42.2,-41.2,13.4
2022-02-26,-28.2,-15.6,-15.0,-29.0,-18.0,3.2
2022-02-27,-28.4,-18.6,-11.8,-29.0,-17.2,2.8
2022-02-28,-28.8,-14.0,-28.0,-33.8,-30.2,7.8
2022-03-01,-26.6,-9.8,-20.2,-31.0,-29.0,7.2
2022-03-02,-24.2,-9.2,-6.6,-30.8,-28.6,6.8
2022-03-03,-25.8,-11.0,-20.2,-32.2,-28.8,7.2
2022-03-04,-29.6,-13.4,-29.4,-33.8,-28.6,8.0
2022-03-05,-25.2,-13.6,-7.4,-27.4,-16.0,2.4
2022-03-06,-26.2,-18.2,2.6,-30.4,-17.4,2.8
2022-03-07,-26.6,-13.2,-9.4,-33.2,-28.6,7.6
2022-03-08,-27.6,-11.6,-20.2,-32.8,-28.0,6.8
2022-03-09,-37.8,-26.0,-44.6,-38.4,-29.6,9.4
2022-03-10,-25.6,-9.4,-16.8,-32.0,-27.6,6.8
2022-03-11,-27.6,-10.4,-16.0,-33.0,-28.0,6.6
2022-03-12,-43.0,-31.8,-50.2,-41.6,-20.8,7.2
2022-03-13,-31.2,-22.0,-31.4,-34.4,-18.2,3.8
2022-03-14,-27.4,-12.6,-11.4,-33.4,-29.6,7.4
2022-03-15,-25.0,-11.2,4.4,-30.8,-28.2,6.4
2022-03-16,-22.4,-11.2,5.2,-31.6,-28.2,5.8
2022-03-17,-30.2,-18.2,-30.0,-35.2,-31.2,8.6
2022-03-18,-22.8,-12.4,16.6,-31.0,-29.8,5.8
2022-03-19,-23.8,-15.4,20.4,-27.4,-16.4,1.6
2022-03-20,-25.8,-19.6,8.8,-27.8,-16.6,2.2
2022-03-21,-26.2,-13.6,-3.6,-32.4,-28.4,7.0
2022-03-22,-26.2,-13.2,-5.8,-32.2,-27.2,6.6
2022-03-23,-28.6,-15.8,-24.4,-34.6,-27.8,7.4
2022-03-24,-31.0,-18.0,-34.6,-36.2,-28.6,8.4
2022-03-25,-27.0,-13.0,-11.0,-31.6,-28.2,6.4
2022-03-26,-26.6,-17.2,-5.8,-28.2,-16.6,2.0
2022-03-27,-28.8,-20.8,-17.4,-31.4,-17.0,3.0
2022-03-28,-34.8,-22.0,-40.8,-38.0,-29.2,8.6
2022-03-29,-31.2,-16.6,-31.0,-35.2,-27.2,7.6
2022-03-30,-27.6,-14.4,-22.4,-34.0,-26.6,6.8
2022-03-31,-26.4,-12.0,-14.6,-33.0,-26.6,6.4
2022-04-01,-27.8,-13.2,-22.2,-33.0,-27.4,6.4
2022-04-02,-23.0,-13.0,16.8,-25.2,-15.4,0.6
2022-04-03,-32.6,-23.0,-30.6,-33.8,-18.0,3.8
2022-04-04,-27.2,-11.8,-11.0,-33.4,-27.4,6.6
2022-04-05,-27.6,-12.2,-13.8,-32.8,-26.6,6.4
2022-04-06,-31.8,-18.6,-31.6,-37.0,-28.2,8.0
2022-04-07,-34.8,-22.0,-38.4,-36.4,-28.2,8.2
2022-04-08,-22.2,-7.4,5.0,-29.8,-27.4,5.4
2022-04-09,-22.4,-13.0,10.0,-24.8,-15.0,1.4
2022-04-10,-23.4,-16.8,-0.4,-26.6,-15.6,2.0
2022-04-11,-23.0,-9.8,-1.8,-29.4,-27.6,6.2
2022-04-12,-22.8,-11.0,13.6,-29.2,-27.0,5.8
2022-04-13,-20.4,-8.6,14.0,-31.0,-27.0,5.6
2022-04-14,-19.8,-8.2,11.0,-30.8,-29.0,5.6
2022-04-15,-24.4,-9.4,10.8,-39.2,-45.6,9.4
2022-04-16,-24.4,-11.4,28.8,-27.0,-19.2,2.0
2022-04-17,-36.8,-24.0,8.4,-30.4,-27.6,1.0
2022-04-18,-29.6,-20.0,-23.6,-40.0,-42.4,9.8
2022-04-19,-29.2,-18.8,-26.2,-39.0,-39.8,9.6
2022-04-20,-22.4,-14.4,10.0,-35.4,-38.4,7.6
2022-04-21,-24.6,-14.2,-7.8,-36.6,-39.0,8.2
2022-04-22,-23.8,-16.0,18.6,-35.0,-40.0,7.8
2022-04-23,-23.4,-16.2,27.4,-24.0,-17.2,0.6
2022-04-24,-23.0,-18.0,32.2,-25.2,-17.0,0.8
2022-04-25,-28.0,-14.4,-15.4,-32.2,-27.6,6.8
2022-04-26,-27.0,-14.6,-14.2,-30.8,-26.4,6.6
2022-04-27,-23.6,-12.6,-12.2,-29.8,-25.8,5.6
2022-04-28,-23.4,-11.0,-11.8,-30.0,-26.2,5.6
2022-04-29,-23.6,-11.2,-3.4,-29.8,-27.4,5.4
2022-04-30,-19.2,-11.8,44.8,-20.4,-14.4,-0.6
2022-05-01,-19.4,-15.0,51.6,-13.2,-15.4,0.4
2022-05-02,-29.2,-16.8,-32.6,-38.0,-38.8,10.0
2022-05-03,-21.4,-7.4,1.4,-27.8,-26.0,5.4
2022-05-04,-24.6,-12.2,-11.8,-31.2,-26.4,6.4
2022-05-05,-15.6,-4.8,21.0,-27.2,-26.0,3.8
2022-05-06,-30.4,-18.2,-42.2,-34.0,-29.2,7.8
2022-05-07,-31.6,-21.0,-43.2,-35.0,-19.2,4.0
2022-05-08,-18.4,-13.0,-7.2,-25.6,-16.6,0.4
2022-05-09,-22.4,-10.8,6.2,-30.0,-27.8,5.8
2022-05-10,-20.2,-8.6,15.8,-28.2,-26.2,4.8
2022-05-11,-20.4,-9.8,13.0,-29.0,-26.2,4.6
2022-05-12,-20.0,-8.2,19.6,-28.2,-26.2,4.6
2022-05-13,-26.2,-13.8,-10.2,-31.2,-28.2,6.0
2022-05-14,-24.8,-17.4,11.4,-25.0,-16.6,1.0
2022-05-15,-18.0,-15.2,61.8,-22.4,-15.2,0.0
2022-05-16,-26.6,-15.2,-10.0,-32.4,-28.8,7.2
2022-05-17,-18.8,-8.6,25.8,-26.6,-26.0,4.4
2022-05-18,-18.2,-10.0,19.8,-27.8,-26.6,4.4
2022-05-19,-23.2,-12.6,-3.4,-30.4,-28.4,5.6
2022-05-20,-26.8,-16.0,-10.6,-30.4,-28.6,6.2
2022-05-21,-18.8,-13.6,77.8,-15.8,-16.4,-1.6
2022-05-22,-18.8,-16.4,60.4,-21.0,-16.6,-0.2
2022-05-23,-20.4,-10.8,13.2,-29.4,-28.4,5.8
2022-05-24,-21.6,-11.2,7.2,-28.4,-27.0,5.6
2022-05-25,-18.4,-9.8,16.8,-28.2,-27.0,4.6
2022-05-26,-18.4,-8.4,18.4,-28.2,-28.2,4.4
2022-05-27,-25.8,-13.8,-10.4,-31.6,-31.6,6.4
2022-05-28,-25.2,-15.6,19.4,-27.0,-20.8,0.8
2022-05-29,-17.2,-15.6,80.8,-17.6,-18.4,-3.2
2022-05-30,-24.2,-19.8,61.2,-50.0,-69.6,12.6
2022-05-31,-21.6,-10.6,18.8,-28.0,-28.8,4.6
2022-06-01,-22.2,-11.0,-5.8,-28.8,-27.2,5.6
2022-06-02,-22.0,-10.2,-2.8,-28.6,-27.8,5.4
2022-06-03,-21.4,-9.4,10.8,-27.4,-28.6,4.8
2022-06-04,-19.4,-11.8,78.8,-18.4,-14.8,-1.2
2022-06-05,-19.8,-16.0,76.2,-20.8,-18.6,-0.8
2022-06-06,-21.6,-10.8,17.4,-29.8,-31.4,5.2
2022-06-07,-21.8,-12.4,6.4,-28.4,-29.0,5.8
2022-06-08,-18.8,-8.8,25.6,-27.0,-26.6,4.2
2022-06-09,-18.8,-10.0,18.0,-30.6,-34.0,6.4
2022-06-10,-20.2,-10.2,20.4,-26.8,-28.6,4.0
2022-06-11,-21.0,-14.6,48.0,-19.2,-15.8,-0.6
2022-06-12,-23.2,-18.4,16.0,-25.0,-17.0,1.4
2022-06-13,-20.6,-10.4,15.6,-28.0,-28.4,5.6
2022-06-14,-18.4,-9.4,26.4,-26.0,-26.8,4.4
2022-06-15,-16.6,-9.6,28.2,-26.8,-28.4,4.6
2022-06-16,-20.2,-11.0,1.0,-29.0,-30.4,5.8
2022-06-17,-20.2,-10.2,23.2,-28.4,-31.2,5.0
2022-06-18,-20.2,-10.6,47.8,-17.4,-16.8,-1.4
2022-06-19,-17.4,-15.2,70.0,-17.0,-17.6,-2.4
2022-06-20,-18.6,-13.4,27.6,-39.8,-51.4,9.6
2022-06-21,-21.8,-12.8,5.0,-28.0,-30.0,5.8
2022-06-22,-22.6,-14.4,-12.6,-30.2,-31.0,6.8
2022-06-23,-16.0,-7.0,18.6,-27.4,-31.2,5.0
2022-06-24,-18.8,-11.4,23.8,-27.6,-33.6,5.0
2022-06-25,-21.0,-13.6,79.2,-16.0,-16.6,-2.0
2022-06-26,-18.6,-15.6,75.8,-14.4,-16.0,-1.8
2022-06-27,-24.0,-17.4,-17.0,-31.6,-33.8,7.6
2022-06-28,-16.6,-9.6,34.4,-27.4,-35.8,5.4
2022-06-29,-17.8,-12.0,33.0,-29.4,-35.6,5.8
2022-06-30,-17.8,-9.0,28.8,-29.6,-37.0,5.6
2022-07-01,-22.8,-10.6,16.4,-31.8,-40.2,6.4
2022-07-02,-25.6,-13.2,31.4,-24.4,-21.2,0.8
2022-07-03,-21.8,-15.6,72.2,-16.2,-20.6,-2.8
2022-07-04,-34.2,-24.8,83.6,-49.2,-74.2,12.0
2022-07-05,-26.6,-14.2,-2.0,-31.4,-40.8,7.2
2022-07-06,-21.2,-10.2,23.0,-30.0,-37.0,6.0
2022-07-07,-20.4,-8.6,21.8,-30.0,-37.0,5.6
2022-07-08,-26.8,-14.4,-2.6,-32.8,-39.0,7.4
2022-07-09,-23.8,-15.0,71.2,-20.0,-18.8,-1.0
2022-07-10,-23.0,-18.2,75.6,-19.0,-18.8,-1.6
2022-07-11,-23.0,-12.6,20.4,-29.8,-38.6,6.4
2022-07-12,-22.4,-13.6,17.4,-29.2,-36.6,6.2
2022-07-13,-21.2,-13.2,26.4,-29.0,-36.0,5.4
2022-07-14,-21.6,-10.4,24.8,-29.2,-36.6,5.8
2022-07-15,-26.0,-15.2,20.4,-32.6,-39.0,7.2
2022-07-16,-26.8,-18.0,48.4,-20.2,-18.8,-0.2
2022-07-17,-23.8,-18.4,59.2,-20.0,-18.2,-0.2
2022-07-18,-30.0,-21.0,-12.2,-34.6,-40.2,12.6
2022-07-19,-22.2,-12.2,25.4,-28.2,-36.4,11.0
2022-07-20,-23.6,-15.0,19.0,-30.2,-36.2,6.4
2022-07-21,-24.4,-14.6,11.8,-31.2,-37.0,6.8
2022-07-22,-26.2,-13.6,10.4,-32.0,-38.6,6.8
2022-07-23,-26.6,-16.4,57.2,-21.6,-18.6,-0.2
2022-07-24,-28.0,-21.6,47.0,-25.4,-19.2,0.4
2022-07-25,-28.4,-17.6,-8.6,-34.4,-39.0,9.0
2022-07-26,-20.2,-8.4,24.4,-27.8,-35.6,5.8
2022-07-27,-20.8,-11.6,23.8,-29.2,-35.2,6.0
2022-07-28,-22.2,-10.6,16.0,-30.6,-36.2,6.4
2022-07-29,-24.8,-10.6,6.4,-31.4,-38.4,7.0
2022-07-30,-24.2,-14.2,67.4,-18.0,-17.6,-1.4
2022-07-31,-24.2,-17.6,63.8,-18.6,-17.4,-1.0
2022-08-01,-25.8,-13.6,-7.2,-33.2,-38.8,7.6
2022-08-02,-21.8,-10.6,25.4,-30.0,-35.4,6.4
2022-08-03,-20.2,-10.4,23.0,-30.0,-35.6,6.2
2022-08-04,-22.8,-11.4,19.8,-30.6,-36.4,6.2
2022-08-05,-25.8,-12.4,6.6,-33.0,-39.2,7.2
2022-08-06,-24.8,-15.8,50.4,-20.6,-19.0,-0.4
2022-08-07,-27.2,-19.6,45.8,-23.6,-20.4,0.2
2022-08-08,-25.2,-14.4,6.0,-33.2,-38.6,7.4
2022-08-09,-24.8,-14.6,7.0,-30.6,-36.4,7.0
2022-08-10,-21.4,-10.4,19.2,-30.6,-35.6,6.0
2022-08-11,-22.6,-10.2,14.4,-30.6,-36.6,6.2
2022-08-12,-25.0,-12.4,17.0,-31.2,-38.4,6.0
2022-08-13,-24.6,-14.8,69.2,-18.4,-18.0,-1.4
2022-08-14,-24.6,-18.4,65.4,-18.2,-18.4,-0.6
2022-08-15,-23.0,-14.4,14.6,-32.6,-39.6,9.2
2022-08-16,-21.2,-12.0,23.2,-29.8,-37.4,8.4
2022-08-17,-22.0,-13.8,13.6,-30.8,-37.4,9.0
2022-08-18,-20.4,-10.8,22.8,-29.4,-38.2,8.8
2022-08-19,-24.8,-13.8,16.4,-31.0,-39.6,9.0
2022-08-20,-25.4,-16.8,59.6,-17.2,-18.4,0.6
2022-08-21,-24.2,-19.2,53.4,-18.4,-18.0,0.4
2022-08-22,-28.2,-19.8,-14.4,-35.2,-42.0,11.6
2022-08-23,-21.0,-12.0,20.8,-29.8,-39.0,9.0
2022-08-24,-21.6,-13.2,26.0,-30.4,-38.6,8.6
2022-08-25,-21.8,-11.8,25.2,-29.6,-39.0,8.2
2022-08-26,-28.2,-16.0,1.4,-32.8,-40.4,9.6
2022-08-27,-25.2,-16.6,62.6,-18.4,-18.0,0.4
2022-08-28,-24.4,-20.0,52.2,-19.2,-18.2,0.4
2022-08-29,-24.4,-16.0,18.4,-31.4,-40.8,8.2
2022-08-30,-22.8,-14.0,22.0,-29.4,-38.4,7.2
2022-08-31,-20.6,-13.4,24.8,-29.6,-38.6,6.0
2022-09-01,-18.4,-9.4,30.2,-28.2,-39.2,5.2
2022-09-02,-22.2,-11.0,21.6,-31.4,-41.0,6.0
2022-09-03,-22.0,-15.0,60.8,-17.6,-20.8,-1.8
2022-09-04,-21.8,-19.4,60.6,-16.8,-19.2,-2.2
2022-09-05,-26.8,-23.2,21.6,-49.8,-71.0,15.2
2022-09-06,-32.2,-21.8,-31.0,-33.6,-40.6,8.4
2022-09-07,-18.8,-6.8,4.4,-27.8,-36.4,5.8
2022-09-08,-18.4,-5.8,23.4,-23.0,-36.4,4.0
2022-09-09,-23.0,-11.4,19.4,-25.2,-36.2,4.4
2022-09-10,-20.8,-13.0,63.8,-14.4,-16.0,-0.8
2022-09-11,-26.8,-19.6,1.2,-22.6,-16.8,2.2
2022-09-12,-23.2,-11.6,4.0,-24.4,-36.0,5.0
2022-09-13,-22.8,-10.8,10.4,-22.0,-35.0,4.6
2022-09-14,-20.2,-9.0,17.6,-23.2,-34.2,3.8
2022-09-15,-19.8,-8.0,15.8,-23.2,-34.6,3.4
2022-09-16,-23.4,-11.2,9.0,-25.0,-35.4,4.2
2022-09-17,-21.0,-13.2,53.0,-15.8,-16.6,-1.2
2022-09-18,-21.2,-15.4,51.2,-16.0,-17.0,-0.6
2022-09-19,-27.2,-16.2,-4.6,-25.2,-36.0,6.0
2022-09-20,-21.8,-10.2,14.0,-22.6,-34.0,3.8
2022-09-21,-20.8,-11.0,18.2,-23.4,-34.0,3.8
2022-09-22,-25.8,-15.0,-13.0,-26.6,-35.4,6.0
2022-09-23,-23.6,-12.4,-7.8,-26.0,-34.8,5.0
2022-09-24,-22.4,-14.4,37.6,-16.8,-18.0,-0.6
2022-09-25,-25.8,-19.2,13.0,-21.4,-19.4,0.4
2022-09-26,-25.0,-15.8,3.6,-33.8,-43.6,8.8
2022-09-27,-23.4,-13.0,8.4,-31.2,-40.4,7.0
2022-09-28,-22.6,-11.8,4.6,-25.0,-31.6,4.6
2022-09-29,-21.2,-9.4,5.0,-24.8,-31.4,4.6
2022-09-30,-23.6,-9.8,-7.2,-26.2,-31.8,4.8
2022-10-01,-30.8,-20.2,-28.2,-29.8,-20.4,3.8
2022-10-02,-32.0,-24.0,-34.2,-30.8,-19.0,3.8
2022-10-03,-29.6,-18.2,-35.6,-29.6,-32.6,6.8
2022-10-04,-30.2,-16.2,-34.6,-31.4,-34.0,7.6
2022-10-05,-26.4,-14.6,-27.0,-36.0,-42.2,10.0
2022-10-06,-19.4,-5.6,13.2,-22.6,-28.4,3.4
2022-10-07,-23.4,-11.2,6.6,-25.6,-31.2,4.0
2022-10-08,-22.8,-14.2,26.4,-16.8,-17.2,-0.8
2022-10-09,-22.8,-18.8,21.2,-15.8,-17.8,-0.6
2022-10-10,-24.8,-17.4,-0.6,-41.4,-52.4,11.4
2022-10-11,-24.2,-12.4,5.6,-26.0,-31.8,5.0
2022-10-12,-22.8,-11.4,6.0,-25.6,-30.2,4.6
2022-10-13,-29.0,-16.8,-22.2,-28.0,-31.0,6.4
2022-10-14,-23.4,-10.2,-1.0,-25.2,-30.8,5.0
2022-10-15,-21.6,-12.6,37.4,-15.6,-16.2,-0.8
