date,cases,probable_cases,hospitalizations,deaths,mob_retail,mob_grocery,mob_parks,mob_transit,mob_work,mob_residential,trend_covid_topic,total_cases
2020-02-29,1.0,0.0,1.0,0,5.0,1.8,-6.0,1.2,5.6,-0.6,1.1745360582569886,1.0
2020-03-01,0.0,0.0,1.0,0,4.6,2.4,3.0,0.0,1.4,-0.2,1.5660480776759849,0.0
2020-03-02,0.0,0.0,2.0,0,7.2,5.8,15.4,0.8,5.4,-0.2,2.7405841359329735,0.0
2020-03-03,1.0,0.0,7.0,0,3.4,4.8,5.8,0.8,4.0,0.0,2.7405841359329735,1.0
2020-03-04,5.0,0.0,2.0,0,7.4,7.8,17.6,0.0,2.2,-0.2,3.915120194189962,5.0
2020-03-05,3.0,0.0,14.0,0,8.2,9.2,19.8,0.4,3.0,-0.6,5.481168271865947,3.0
2020-03-06,8.0,0.0,8.0,0,-4.4,-2.2,-9.4,-3.6,2.2,1.6,5.481168271865947,8.0
2020-03-07,7.0,0.0,8.0,0,6.8,8.4,22.2,3.0,6.4,-0.2,5.872680291284943,7.0
2020-03-08,21.0,0.0,18.0,0,5.2,5.4,51.4,0.0,0.6,-0.2,5.872680291284943,21.0
2020-03-09,57.0,0.0,37.0,0,8.2,7.2,54.0,-1.4,2.0,0.6,11.745360582569884,57.0
2020-03-10,69.0,0.0,60.0,0,1.6,8.4,17.6,-4.6,-2.2,2.0,21.14164904862579,69.0
2020-03-11,155.0,0.0,78.0,1,2.2,10.0,21.4,-7.4,-3.2,2.2,16.835016835016837,155.0
2020-03-12,355.0,0.0,106.0,0,-1.2,27.0,2.8,-12.2,-7.2,4.2,20.750137029206797,355.0
2020-03-13,619.0,0.0,152.0,0,-8.4,26.4,10.0,-18.4,-12.0,6.4,19.18408895153081,619.0
2020-03-14,642.0,1.0,177.0,3,-12.2,19.0,31.4,-17.6,-3.8,4.0,20.750137029206797,643.0
2020-03-15,0.0,0.0,210.0,4,-18.8,11.0,27.8,-24.6,-10.4,5.2,23.49072116513977,0.0
2020-03-16,0.0,2.0,338.0,9,-19.8,18.6,-16.4,-35.2,-31.2,13.4,30.146425495262708,2.0
2020-03-17,0.0,4.0,385.0,12,-31.8,12.2,-13.0,-41.4,-37.2,16.6,29.363401456424715,4.0
2020-03-18,0.0,5.0,494.0,24,-33.4,8.0,1.0,-44.4,-40.4,17.6,29.363401456424715,5.0
2020-03-19,0.0,4.0,631.0,27,-40.4,-2.2,-18.2,-49.0,-44.8,20.4,33.670033670033675,4.0
2020-03-20,0.0,3.0,738.0,49,-41.6,5.8,3.2,-49.0,-48.0,22.0,36.410617805966645,3.0
2020-03-21,0.0,7.0,734.0,51,-48.0,1.2,1.2,-47.2,-33.6,14.2,35.236081747709655,7.0
2020-03-22,0.0,4.0,773.0,52,-59.0,-21.4,-28.6,-57.4,-40.8,14.8,39.151201941899615,4.0
2020-03-23,0.0,15.0,0.0,96,-66.8,-43.2,-67.2,-68.4,-61.8,29.0,38.759689922480625,15.0
2020-03-24,0.0,12.0,0.0,107,-55.6,-19.8,-14.8,-61.8,-61.8,27.0,35.62759376712865,12.0
2020-03-25,0.0,18.0,0.0,143,-61.0,-29.6,-48.6,-65.2,-62.8,28.6,37.97666588364263,18.0
2020-03-26,0.0,44.0,0.0,229,-56.8,-21.8,-11.8,-63.2,-63.4,28.2,39.30178348783,44.0
2020-03-27,0.0,46.0,0.0,262,-59.0,-24.4,-9.2,-62.6,-63.2,29.8,35.91369870439639,46.0
2020-03-28,0.0,51.0,0.0,323,-68.4,-33.6,-55.8,-64.6,-50.8,20.0,42.0122513145769,51.0
2020-03-29,0.0,66.0,0.0,356,-69.2,-36.4,-57.0,-66.2,-51.6,18.0,44.04510218463707,66.0
2020-03-30,0.0,92.0,0.0,414,-60.2,-30.4,-42.8,-66.4,-66.0,29.0,46.07795305469725,92.0
2020-03-31,0.0,89.0,0.0,476,-60.6,-29.8,-43.8,-67.2,-67.8,30.0,44.04510218463707,89.0
2020-04-01,0.0,109.0,0.0,556,-57.6,-25.2,-28.0,-66.4,-68.0,29.6,45.40033609801052,109.0
2020-04-02,0.0,179.0,0.0,676,-59.8,-25.6,-37.6,-67.6,-68.8,31.2,44.72271914132379,179.0
2020-04-03,0.0,179.0,0.0,676,-63.8,-28.6,-57.2,-68.2,-68.8,33.0,45.40033609801052,179.0
2020-04-04,0.0,203.0,0.0,715,-64.6,-26.0,-20.2,-62.2,-54.0,20.0,40.657017401203454,203.0
2020-04-05,0.0,181.0,0.0,759,-66.8,-33.0,-27.4,-65.2,-53.2,17.4,51.49888870819104,181.0
2020-04-06,0.0,240.0,0.0,816,-59.8,-27.4,-20.0,-67.6,-68.6,29.6,49.466037838130866,240.0
2020-04-07,0.0,234.0,0.0,832,-66.2,-20.4,-23.2,-68.4,-69.6,30.2,44.72271914132379,234.0
2020-04-08,0.0,214.0,0.0,782,-68.2,-22.6,-29.2,-69.6,-70.4,30.6,43.36748522795035,214.0
2020-04-09,0.0,208.0,0.0,767,-70.6,-25.8,-49.2,-71.4,-71.8,32.2,42.0122513145769,208.0
2020-04-10,0.0,205.0,0.0,742,-71.8,-24.2,-54.8,-71.2,-72.4,34.2,35.91369870439639,205.0
2020-04-11,0.0,186.0,0.0,730,-69.4,-17.8,-17.6,-62.8,-54.0,19.8,37.26893261776983,186.0
2020-04-12,0.0,180.0,951.0,754,-76.4,-40.2,-19.8,-65.0,-54.6,17.8,37.26893261776983,180.0
2020-04-13,0.0,199.0,0.0,768,-76.2,-47.0,-62.4,-74.8,-70.6,32.6,37.946549574456554,199.0
2020-04-14,0.0,155.0,984.0,661,-65.0,-23.2,-20.6,-66.8,-68.0,29.2,39.30178348783,155.0
2020-04-15,0.0,122.0,866.0,578,-65.2,-26.4,-28.0,-68.2,-68.8,30.2,50.82127175150431,122.0
2020-04-16,0.0,143.0,782.0,555,-66.4,-24.8,-38.8,-68.8,-68.6,30.0,52.17650566487776,143.0
2020-04-17,0.0,105.0,790.0,489,-68.2,-26.0,-44.4,-67.4,-67.0,31.8,43.36748522795035,105.0
2020-04-18,0.0,123.0,584.0,513,-72.2,-30.2,-49.6,-64.4,-51.2,20.4,48.78842088144414,123.0
2020-04-19,0.0,96.0,536.0,494,-69.0,-29.6,2.2,-61.8,-48.4,16.4,49.466037838130866,96.0
2020-04-20,0.0,101.0,641.0,465,-65.6,-28.4,-30.6,-67.0,-65.6,28.8,67.76169566867243,101.0
2020-04-21,0.0,103.0,587.0,426,-68.8,-33.8,-44.6,-70.2,-67.2,30.2,48.78842088144414,103.0
2020-04-22,0.0,88.0,519.0,399,-64.6,-24.6,-29.2,-67.6,-66.2,29.0,30.49276305090259,88.0
2020-04-23,0.0,85.0,448.0,415,-65.4,-25.0,-37.8,-68.0,-66.4,29.8,29.815146094215866,85.0
2020-04-24,0.0,66.0,474.0,380,-70.2,-32.2,-57.8,-69.8,-66.2,32.4,24.39421044072207,66.0
2020-04-25,0.0,60.0,327.0,325,-64.4,-19.2,26.0,-56.6,-46.4,17.0,24.39421044072207,60.0
2020-04-26,0.0,55.0,307.0,300,-74.2,-40.0,-61.0,-67.0,-50.0,17.6,25.74944435409552,55.0
2020-04-27,0.0,52.0,370.0,322,-64.8,-29.2,-44.6,-67.2,-64.0,28.6,28.459912180842416,52.0
2020-04-28,0.0,38.0,356.0,267,-59.8,-19.0,16.0,-63.6,-64.0,21.6,26.42706131078224,38.0
2020-04-29,0.0,37.0,313.0,274,-64.0,-27.4,-39.4,-67.2,-64.6,28.6,25.74944435409552,37.0
2020-04-30,0.0,30.0,254.0,253,-64.8,-28.4,-50.2,-68.6,-65.6,29.8,25.74944435409552,30.0
2020-05-01,0.0,47.0,263.0,256,-62.2,-21.0,-29.0,-64.2,-63.2,29.4,21.00612565728845,47.0
2020-05-02,0.0,35.0,208.0,224,-58.4,-14.0,59.6,-52.6,-42.4,15.0,21.00612565728845,35.0
2020-05-03,787.0,33.0,216.0,210,-61.4,-23.4,47.6,-56.4,-42.6,13.2,23.038976527348623,820.0
2020-05-04,0.0,37.0,241.0,195,-57.0,-21.8,-11.6,-63.0,-61.4,26.0,22.361359570661897,37.0
2020-05-05,0.0,18.0,213.0,169,-56.2,-15.8,-3.0,-62.4,-62.0,25.8,23.038976527348623,18.0
2020-05-06,0.0,31.0,213.0,182,-62.4,-25.4,-45.8,-66.0,-62.6,27.6,23.716593484035347,31.0
2020-05-07,0.0,18.0,176.0,159,-56.2,-12.2,13.6,-62.0,-61.6,26.0,24.39421044072207,18.0
2020-05-08,0.0,25.0,166.0,155,-63.2,-21.2,-46.4,-64.8,-61.4,28.6,21.683742613975173,25.0
2020-05-09,657.0,11.0,123.0,110,-61.2,-13.8,-28.0,-57.2,-42.2,16.6,23.038976527348623,668.0
2020-05-10,457.0,12.0,105.0,114,-58.4,-19.4,19.4,-53.8,-39.4,12.4,20.328508700601727,469.0
2020-05-11,0.0,17.0,180.0,120,-61.0,-28.2,-33.2,-64.8,-60.0,26.2,24.39421044072207,17.0
2020-05-12,0.0,17.0,113.0,108,-56.8,-16.2,-3.8,-61.6,-59.8,25.0,25.071827397408796,17.0
2020-05-13,0.0,9.0,130.0,92,-54.8,-16.4,6.6,-61.4,-59.6,25.4,24.39421044072207,9.0
2020-05-14,0.0,16.0,142.0,86,-54.0,-14.8,8.8,-61.4,-59.8,23.8,23.716593484035347,16.0
2020-05-15,873.0,11.0,128.0,98,-54.8,-15.4,23.2,-59.0,-58.4,25.4,21.00612565728845,884.0
2020-05-16,485.0,19.0,91.0,100,-55.0,-15.0,61.4,-50.4,-38.2,13.2,21.00612565728845,504.0
2020-05-17,360.0,12.0,80.0,89,-57.4,-21.6,39.8,-54.4,-37.0,12.2,21.683742613975173,372.0
2020-05-18,894.0,8.0,111.0,67,-53.0,-20.2,-2.6,-60.4,-57.2,24.0,23.038976527348623,902.0
2020-05-19,0.0,9.0,114.0,64,-51.8,-15.0,-1.0,-59.4,-58.0,24.2,23.038976527348623,9.0
2020-05-20,0.0,6.0,80.0,84,-51.2,-14.4,6.8,-59.8,-58.0,23.8,23.038976527348623,6.0
2020-05-21,0.0,7.0,83.0,51,-49.6,-11.4,19.2,-58.8,-58.2,23.8,22.361359570661897,7.0
2020-05-22,0.0,14.0,102.0,79,-53.2,-14.2,1.6,-58.2,-56.4,24.4,17.618040873854827,14.0
2020-05-23,455.0,4.0,74.0,64,-61.4,-23.2,-33.4,-57.8,-38.2,15.8,19.650891743915,459.0
2020-05-24,467.0,6.0,86.0,54,-54.0,-16.6,56.6,-51.0,-35.2,10.0,20.328508700601727,473.0
2020-05-25,464.0,7.0,79.0,53,-56.0,-23.6,44.0,-67.2,-72.2,25.6,20.328508700601727,471.0
2020-05-26,0.0,8.0,76.0,42,-49.4,-14.2,30.8,-57.0,-55.6,21.8,21.683742613975173,8.0
2020-05-27,740.0,5.0,75.0,52,-48.2,-13.4,27.4,-56.8,-55.4,22.4,20.328508700601727,745.0
2020-05-28,646.0,5.0,79.0,41,-50.2,-13.0,2.6,-58.0,-56.6,23.2,16.940423917168108,651.0
2020-05-29,638.0,13.0,84.0,51,-52.4,-15.0,12.2,-57.2,-55.8,24.6,17.618040873854827,651.0
2020-05-30,346.0,5.0,54.0,56,-50.4,-10.4,82.0,-45.2,-27.4,10.8,16.26280696048138,351.0
2020-05-31,230.0,8.0,60.0,42,-51.6,-16.8,71.4,-48.2,-27.8,9.4,15.585190003794654,238.0
2020-06-01,686.0,12.0,81.0,39,-47.6,-15.4,13.8,-55.2,-53.4,21.4,16.26280696048138,698.0
2020-06-02,570.0,10.0,64.0,45,-51.2,-15.6,4.4,-57.4,-55.0,23.2,14.229956090421208,580.0
2020-06-03,515.0,4.0,73.0,45,-52.2,-17.2,0.4,-58.8,-55.2,23.6,14.229956090421208,519.0
2020-06-04,517.0,11.0,75.0,38,-48.0,-9.6,33.0,-55.8,-54.2,22.2,14.229956090421208,528.0
2020-06-05,402.0,15.0,53.0,31,-53.2,-17.0,-17.2,-57.4,-53.6,24.2,14.907573047107933,417.0
2020-06-06,247.0,7.0,42.0,36,-50.2,-11.6,58.8,-45.6,-27.2,11.0,13.55233913373448,254.0
2020-06-07,197.0,15.0,54.0,29,-48.0,-13.2,95.8,-45.2,-26.4,8.0,13.55233913373448,212.0
2020-06-08,447.0,22.0,60.0,44,-42.8,-11.8,37.6,-53.4,-50.4,19.4,15.585190003794654,469.0
2020-06-09,419.0,9.0,65.0,33,-42.6,-8.8,48.4,-53.4,-51.6,19.4,16.940423917168108,428.0
2020-06-10,363.0,20.0,65.0,39,-42.6,-9.6,41.0,-53.0,-51.4,19.6,16.26280696048138,383.0
2020-06-11,363.0,18.0,49.0,26,-47.0,-13.4,-4.0,-56.4,-52.6,21.8,16.26280696048138,381.0
2020-06-12,409.0,18.0,52.0,26,-44.6,-7.2,48.6,-50.6,-50.0,19.4,18.168604651162795,427.0
2020-06-13,196.0,13.0,35.0,17,-44.8,-6.2,99.2,-40.0,-22.2,8.0,16.305158020274302,209.0
2020-06-14,180.0,13.0,47.0,22,-45.8,-13.4,97.0,-43.4,-23.2,7.2,17.70274299344067,193.0
2020-06-15,380.0,18.0,52.0,20,-42.2,-13.2,27.8,-52.4,-50.0,18.8,20.497912939773407,398.0
2020-06-16,419.0,17.0,61.0,19,-40.4,-7.4,46.8,-50.6,-50.6,18.8,19.100327966607036,436.0
2020-06-17,356.0,13.0,49.0,21,-41.4,-9.6,34.6,-51.6,-51.0,19.0,19.100327966607036,369.0
2020-06-18,378.0,8.0,56.0,16,-41.2,-6.6,31.8,-51.6,-51.2,18.8,15.83929636255218,386.0
2020-06-19,361.0,24.0,45.0,16,-42.8,-6.6,51.6,-48.6,-50.2,17.6,18.168604651162795,385.0
2020-06-20,203.0,16.0,25.0,17,-44.2,-3.6,86.2,-39.2,-21.4,7.2,18.168604651162795,219.0
2020-06-21,172.0,12.0,44.0,22,-46.4,-11.4,90.4,-41.0,-22.2,5.4,17.23688133571855,184.0
2020-06-22,402.0,15.0,48.0,18,-38.6,-14.2,37.0,-49.0,-51.2,17.0,20.032051282051285,417.0
2020-06-23,381.0,14.0,44.0,19,-34.8,-5.4,50.2,-46.4,-51.2,16.4,20.032051282051285,395.0
2020-06-24,381.0,14.0,52.0,18,-35.6,-7.6,46.0,-48.2,-50.0,17.0,20.96377459749553,395.0
2020-06-25,298.0,10.0,43.0,16,-34.4,-4.6,46.4,-47.0,-50.0,16.8,22.361359570661897,308.0
2020-06-26,317.0,17.0,33.0,18,-38.6,-7.4,50.2,-45.2,-48.8,16.4,24.224806201550393,334.0
2020-06-27,206.0,13.0,43.0,17,-43.2,-11.0,36.6,-38.2,-24.0,8.0,21.895497912939778,219.0
2020-06-28,201.0,16.0,32.0,12,-41.0,-14.2,76.8,-38.0,-20.4,6.2,22.827221228384023,217.0
2020-06-29,437.0,26.0,47.0,19,-32.8,-11.2,36.2,-47.0,-47.8,16.0,23.75894454382827,463.0
2020-06-30,442.0,15.0,45.0,11,-30.6,-7.2,28.6,-47.2,-49.4,16.6,20.96377459749553,457.0
2020-07-01,396.0,22.0,39.0,10,-31.0,-7.2,24.6,-47.8,-49.4,16.4,23.75894454382827,418.0
2020-07-02,416.0,12.0,45.0,18,-25.2,2.2,59.6,-44.2,-49.2,14.0,20.96377459749553,428.0
2020-07-03,233.0,14.0,30.0,12,-33.8,-0.8,19.2,-50.2,-59.8,18.4,21.895497912939778,247.0
2020-07-04,120.0,11.0,30.0,6,-49.4,-14.6,103.2,-40.8,-32.8,5.8,19.100327966607036,131.0
2020-07-05,155.0,10.0,29.0,9,-42.4,-19.8,79.8,-39.2,-25.6,3.8,19.56618962432916,165.0
2020-07-06,431.0,24.0,54.0,11,-36.8,-16.6,6.0,-49.6,-50.8,16.6,23.293082886106145,455.0
2020-07-07,461.0,24.0,47.0,7,-30.2,-3.0,36.8,-45.8,-50.6,15.8,24.224806201550393,485.0
2020-07-08,437.0,16.0,34.0,16,-32.8,-7.8,21.8,-47.4,-49.2,16.4,22.361359570661897,453.0
2020-07-09,391.0,18.0,46.0,5,-29.4,-2.0,56.6,-44.8,-49.2,15.2,20.032051282051285,409.0
2020-07-10,307.0,20.0,45.0,5,-50.6,-26.4,-39.8,-54.4,-52.0,21.2,21.895497912939778,327.0
2020-07-11,259.0,17.0,34.0,9,-35.2,-3.8,40.8,-36.8,-20.2,7.2,20.032051282051285,276.0
2020-07-12,223.0,13.0,26.0,7,-34.4,-9.6,116.0,-34.0,-21.8,3.6,21.895497912939778,236.0
2020-07-13,483.0,21.0,49.0,15,-30.0,-7.6,39.2,-46.0,-48.6,15.2,25.622391174716764,504.0
2020-07-14,403.0,15.0,43.0,10,-26.8,-4.0,58.6,-45.2,-49.4,14.8,26.08825283243888,418.0
2020-07-15,440.0,22.0,44.0,14,-26.4,-7.0,54.2,-46.0,-48.0,14.8,25.156529516994635,462.0
2020-07-16,411.0,22.0,34.0,6,-26.0,-4.0,54.6,-45.6,-48.6,15.2,25.622391174716764,433.0
2020-07-17,413.0,19.0,50.0,10,-33.6,-10.4,20.0,-46.4,-48.2,16.0,22.827221228384023,432.0
2020-07-18,216.0,20.0,26.0,11,-33.6,-9.6,99.0,-33.4,-20.0,4.6,22.827221228384023,236.0
2020-07-19,175.0,27.0,38.0,10,-36.8,-17.0,90.2,-38.2,-23.6,4.2,22.827221228384023,202.0
2020-07-20,404.0,30.0,38.0,10,-31.8,-14.8,29.0,-48.2,-49.2,15.8,26.08825283243888,434.0
2020-07-21,341.0,14.0,24.0,6,-28.6,-8.2,49.2,-46.0,-49.4,15.2,26.08825283243888,355.0
2020-07-22,328.0,20.0,40.0,8,-32.2,-14.4,13.0,-48.4,-48.4,16.4,23.293082886106145,348.0
2020-07-23,309.0,14.0,33.0,8,-28.2,-5.8,25.2,-47.0,-48.0,15.6,21.895497912939778,323.0
2020-07-24,299.0,16.0,40.0,5,-35.2,-12.0,9.0,-47.4,-47.8,16.6,22.361359570661897,315.0
2020-07-25,153.0,15.0,35.0,11,-31.2,-8.6,103.2,-32.0,-20.0,4.0,21.429636255217655,168.0
2020-07-26,140.0,17.0,25.0,8,-34.2,-15.4,93.4,-36.8,-22.8,3.8,21.895497912939778,157.0
2020-07-27,313.0,18.0,38.0,3,-30.4,-13.4,35.2,-46.8,-48.6,14.8,25.622391174716764,331.0
2020-07-28,313.0,17.0,38.0,13,-29.0,-9.6,35.6,-46.6,-49.0,15.4,27.48583780560525,330.0
2020-07-29,287.0,24.0,30.0,5,-27.8,-9.0,46.6,-45.8,-49.0,14.6,26.08825283243888,311.0
2020-07-30,274.0,11.0,37.0,5,-28.2,-6.8,38.6,-47.0,-49.8,15.4,24.690667859272512,285.0
2020-07-31,262.0,23.0,34.0,4,-32.0,-10.0,19.6,-45.4,-49.2,15.2,25.622391174716764,285.0
2020-08-01,189.0,12.0,27.0,7,-30.8,-8.8,107.2,-31.6,-20.4,3.4,21.895497912939778,201.0
2020-08-02,135.0,10.0,33.0,2,-34.4,-15.8,59.8,-39.8,-24.0,4.8,22.361359570661897,145.0
2020-08-03,348.0,25.0,40.0,3,-26.2,-7.0,39.0,-45.0,-47.8,13.8,23.75894454382827,373.0
2020-08-04,187.0,19.0,32.0,5,-43.6,-24.0,-8.6,-53.2,-54.4,20.0,21.429636255217655,206.0
2020-08-05,298.0,21.0,38.0,6,-23.2,-5.0,56.2,-43.4,-48.2,13.0,46.58616577221229,319.0
2020-08-06,288.0,18.0,34.0,6,-25.0,-4.8,44.4,-44.8,-48.8,14.0,23.293082886106145,306.0
2020-08-07,255.0,24.0,23.0,2,-33.4,-12.4,5.2,-45.6,-48.2,15.4,20.497912939773407,279.0
2020-08-08,160.0,25.0,21.0,4,-30.2,-7.8,85.8,-33.0,-20.0,4.2,16.305158020274302,185.0
2020-08-09,133.0,17.0,26.0,3,-31.6,-14.6,102.4,-34.4,-22.4,3.0,18.634466308884917,150.0
2020-08-10,312.0,31.0,41.0,5,-28.2,-11.6,42.2,-46.0,-48.4,13.8,20.032051282051285,343.0
2020-08-11,263.0,28.0,25.0,5,-27.8,-8.6,49.0,-45.4,-49.0,14.0,22.361359570661897,291.0
2020-08-12,320.0,19.0,31.0,3,-31.6,-11.6,21.4,-47.0,-48.8,15.2,19.56618962432916,339.0
2020-08-13,276.0,34.0,39.0,4,-32.6,-9.8,13.4,-47.4,-49.4,15.4,19.56618962432916,310.0
2020-08-14,277.0,22.0,38.0,4,-31.2,-9.2,42.2,-43.2,-47.6,13.4,20.032051282051285,299.0
2020-08-15,151.0,15.0,23.0,5,-32.6,-10.8,97.0,-31.8,-21.2,3.4,16.771019677996424,166.0
2020-08-16,140.0,19.0,21.0,5,-43.4,-22.6,-10.8,-45.0,-28.2,6.8,18.634466308884917,159.0
2020-08-17,333.0,25.0,33.0,5,-29.4,-12.4,32.6,-45.6,-48.6,13.8,20.497912939773407,358.0
2020-08-18,283.0,26.0,39.0,2,-28.0,-9.0,56.75,-44.6,-47.8,13.6,20.032051282051285,309.0
2020-08-19,257.0,39.0,35.0,1,-32.8,-14.0,19.0,-47.4,-48.6,15.0,20.497912939773407,296.0
2020-08-20,227.0,21.0,37.0,6,-25.2,-6.0,61.0,-43.4,-47.8,12.8,17.23688133571855,248.0
2020-08-21,252.0,28.0,31.0,5,-31.0,-9.6,41.2,-42.0,-46.8,13.2,19.100327966607036,280.0
2020-08-22,136.0,21.0,27.0,7,-33.0,-11.6,97.5,-31.8,-20.4,3.0,17.70274299344067,157.0
2020-08-23,150.0,20.0,23.0,3,-33.4,-16.0,78.0,-35.4,-22.6,3.0,18.634466308884917,170.0
2020-08-24,297.0,22.0,36.0,8,-30.4,-14.0,30.4,-45.6,-47.6,13.8,20.497912939773407,319.0
2020-08-25,283.0,19.0,40.0,3,-29.6,-10.8,27.2,-44.4,-48.4,14.0,20.032051282051285,302.0
2020-08-26,313.0,23.0,28.0,7,-26.0,-8.2,51.4,-43.8,-47.0,12.8,17.70274299344067,336.0
2020-08-27,274.0,22.0,31.0,1,-29.4,-10.2,25.8,-44.8,-47.8,14.2,15.373434704830055,296.0
2020-08-28,280.0,19.0,22.0,6,-32.4,-11.4,26.0,-42.8,-46.2,13.4,17.23688133571855,299.0
2020-08-29,128.0,25.0,22.0,4,-36.0,-12.0,28.4,-38.6,-23.0,6.6,14.886397517211472,153.0
2020-08-30,186.0,21.0,20.0,6,-29.0,-13.4,118.0,-30.6,-21.0,1.6,18.507413129506155,207.0
2020-08-31,315.0,16.0,42.0,1,-28.2,-12.8,29.8,-44.8,-47.2,13.2,20.92142353770261,331.0
2020-09-01,294.0,34.0,21.0,3,-26.4,-6.8,30.4,-43.4,-47.6,13.8,19.31208326557164,328.0
2020-09-02,271.0,25.0,29.0,5,-28.2,-9.6,14.4,-45.8,-47.4,14.2,16.495737789342442,296.0
2020-09-03,273.0,29.0,18.0,3,-25.2,-5.2,30.2,-43.2,-46.8,13.2,16.898072857375183,302.0
2020-09-04,229.0,20.0,31.0,6,-27.2,-5.6,42.0,-40.8,-46.2,11.8,16.898072857375183,249.0
2020-09-05,156.0,11.0,22.0,3,-29.4,-7.8,98.0,-30.6,-21.8,2.2,14.081727381145988,167.0
2020-09-06,207.0,24.0,31.0,6,-29.8,-12.8,102.75,-32.0,-21.6,1.2,15.288732585244215,231.0
2020-09-07,217.0,23.0,19.0,0,-32.6,-18.0,67.5,-57.0,-69.0,16.8,16.093402721309698,240.0
2020-09-08,393.0,23.0,26.0,2,-27.4,-7.0,36.0,-42.8,-47.4,12.2,18.105078061473417,416.0
2020-09-09,353.0,31.0,31.0,2,-26.0,-6.4,28.0,-43.0,-45.8,12.8,18.507413129506155,384.0
2020-09-10,323.0,28.0,25.0,4,-31.0,-9.4,-2.8,-45.4,-47.2,15.2,16.495737789342442,351.0
2020-09-11,313.0,32.0,32.0,6,-28.2,-7.0,34.6,-40.6,-44.0,12.4,16.495737789342442,345.0
2020-09-12,202.0,25.0,11.0,4,-26.4,-6.8,86.8,-29.4,-18.0,3.4,13.679392313113246,227.0
2020-09-13,263.0,27.0,17.0,3,-29.4,-11.2,66.0,-34.0,-19.6,4.0,16.093402721309698,290.0
2020-09-14,461.0,27.0,32.0,5,-26.8,-10.6,25.0,-42.2,-42.6,13.0,19.31208326557164,488.0
2020-09-15,414.0,50.0,29.0,5,-25.0,-6.8,26.0,-41.0,-42.6,13.0,18.105078061473417,464.0
2020-09-16,456.0,37.0,46.0,6,-26.6,-10.0,26.2,-43.0,-43.4,13.2,17.300407925407928,493.0
2020-09-17,441.0,35.0,34.0,3,-26.2,-7.4,27.0,-42.2,-43.2,13.2,15.691067653276958,476.0
2020-09-18,292.0,38.0,37.0,3,-28.2,-8.8,18.2,-41.0,-42.8,13.0,16.495737789342442,330.0
2020-09-19,218.0,23.0,21.0,5,-25.8,-7.8,61.8,-29.8,-18.4,3.8,14.484062449178728,241.0
2020-09-20,220.0,26.0,24.0,5,-28.8,-14.0,50.0,-34.2,-20.8,3.6,14.484062449178728,246.0
2020-09-21,558.0,53.0,29.0,3,-27.6,-11.8,8.8,-42.8,-44.2,13.8,18.909748197538896,611.0
2020-09-22,497.0,56.0,34.0,4,-26.2,-8.8,17.4,-42.4,-44.0,13.6,18.909748197538896,553.0
2020-09-23,612.0,65.0,38.0,5,-25.8,-8.4,23.0,-42.4,-42.0,13.0,18.105078061473417,677.0
2020-09-24,542.0,71.0,42.0,3,-26.6,-7.4,15.8,-42.0,-42.4,13.2,15.691067653276958,613.0
2020-09-25,463.0,57.0,46.0,5,-28.0,-9.2,15.8,-40.8,-41.2,12.4,18.105078061473417,520.0
2020-09-26,280.0,33.0,26.0,5,-27.6,-8.8,53.2,-30.4,-17.4,3.0,15.691067653276958,313.0
2020-09-27,382.0,48.0,37.0,4,-30.0,-13.8,52.0,-33.2,-18.4,3.4,16.495737789342442,430.0
2020-09-28,437.0,41.0,38.0,5,-28.4,-13.4,11.8,-45.8,-48.4,14.2,20.519088469669867,478.0
2020-09-29,723.0,71.0,50.0,6,-32.2,-13.0,-18.6,-44.4,-43.4,14.2,22.53076380983358,794.0
2020-09-30,606.0,83.0,51.0,8,-25.6,-5.4,7.4,-43.6,-42.6,13.0,18.105078061473417,689.0
2020-10-01,705.0,79.0,41.0,7,-23.8,-1.0,16.4,-41.2,-40.4,12.2,17.300407925407928,784.0
2020-10-02,605.0,82.0,49.0,3,-29.4,-6.2,-3.0,-40.6,-40.4,12.8,40.23350680327425,687.0
2020-10-03,299.0,42.0,25.0,6,-25.8,-4.6,49.8,-28.2,-16.4,3.6,28.968124898357456,341.0
2020-10-04,335.0,64.0,44.0,7,-28.8,-11.8,40.0,-31.6,-19.2,3.4,26.554114490161005,399.0
2020-10-05,766.0,116.0,55.0,0,-28.4,-8.4,5.4,-41.4,-42.8,13.0,27.761119694259236,882.0
2020-10-06,571.0,72.0,48.0,4,-26.8,-4.4,17.2,-40.6,-43.4,12.8,26.151779422128264,643.0
2020-10-07,541.0,83.0,46.0,4,-30.2,-9.2,1.4,-43.0,-42.6,13.8,25.74944435409552,624.0
2020-10-08,526.0,76.0,47.0,6,-28.2,-4.6,9.8,-40.8,-42.6,13.4,21.323758605735353,602.0
2020-10-09,524.0,91.0,55.0,2,-31.2,-7.8,8.4,-39.8,-41.4,12.6,20.92142353770261,615.0
2020-10-10,314.0,45.0,38.0,4,-30.6,-9.4,47.0,-27.4,-16.8,3.6,16.898072857375183,359.0
2020-10-11,281.0,49.0,49.0,7,-33.4,-15.6,28.6,-33.4,-19.8,3.8,16.495737789342442,330.0
2020-10-12,515.0,69.0,52.0,8,-44.4,-29.2,-56.0,-55.2,-55.0,19.4,18.507413129506155,584.0
2020-10-13,588.0,111.0,50.0,5,-35.0,-11.0,-25.0,-43.8,-43.4,14.8,20.92142353770261,699.0
2020-10-14,583.0,140.0,58.0,8,-26.6,-5.2,15.2,-39.2,-40.6,13.0,17.70274299344067,723.0
2020-10-15,603.0,134.0,74.0,9,-26.4,-4.0,18.0,-38.4,-40.8,12.8,17.70274299344067,737.0
2020-10-16,505.0,128.0,48.0,7,-43.2,-22.6,-44.2,-46.2,-43.0,16.8,19.31208326557164,633.0
2020-10-17,366.0,107.0,35.0,5,-27.0,-4.2,32.6,-27.6,-16.4,4.0,16.093402721309698,473.0
2020-10-18,412.0,120.0,40.0,4,-30.0,-13.0,33.6,-31.0,-17.6,4.2,18.105078061473417,532.0
2020-10-19,626.0,168.0,69.0,8,-30.4,-10.8,0.4,-40.6,-41.2,13.6,21.323758605735353,794.0
2020-10-20,601.0,160.0,74.0,5,-30.6,-8.2,1.0,-40.8,-41.8,13.8,22.12842874180084,761.0
2020-10-21,654.0,167.0,52.0,6,-29.4,-7.2,3.6,-41.8,-40.8,13.8,20.519088469669867,821.0
2020-10-22,759.0,180.0,53.0,3,-29.0,-5.4,6.6,-40.4,-40.6,13.6,18.909748197538896,939.0
2020-10-23,601.0,173.0,60.0,5,-30.4,-6.6,-0.4,-40.0,-40.0,13.2,18.507413129506155,774.0
2020-10-24,386.0,137.0,47.0,2,-27.6,-5.0,37.0,-30.0,-16.4,3.8,18.507413129506155,523.0
2020-10-25,362.0,152.0,44.0,10,-30.8,-11.6,11.2,-34.2,-18.8,4.6,20.116753401637126,514.0
2020-10-26,695.0,218.0,56.0,6,-34.4,-13.6,-31.6,-43.8,-41.6,14.4,21.726093673768094,913.0
2020-10-27,742.0,231.0,46.0,9,-27.4,-4.2,2.6,-40.6,-41.0,13.0,22.933098877866325,973.0
2020-10-28,782.0,224.0,45.0,5,-31.2,-9.6,-17.8,-43.6,-41.0,14.0,24.944774218030037,1006.0
2020-10-29,621.0,225.0,59.0,4,-40.6,-22.0,-46.4,-49.2,-43.4,16.6,20.519088469669867,846.0
2020-10-30,655.0,224.0,60.0,10,-34.2,-8.2,-37.4,-45.6,-42.0,15.2,22.12842874180084,879.0
2020-10-31,403.0,140.0,48.0,4,-27.2,1.0,17.6,-30.6,-16.8,4.4,20.519088469669867,543.0
2020-11-01,501.0,237.0,55.0,12,-37.6,-18.4,-23.6,-39.6,-20.8,6.2,22.12842874180084,738.0
2020-11-02,953.0,329.0,64.0,9,-32.4,-10.0,-32.2,-44.8,-40.8,13.8,21.726093673768094,1282.0
2020-11-03,903.0,302.0,75.0,16,-28.4,-2.8,-16.6,-45.6,-47.0,15.0,19.31208326557164,1205.0
2020-11-04,0.0,378.0,69.0,9,-32.4,-11.8,-5.8,-44.8,-41.2,15.0,12.070052040982276,378.0
2020-11-05,0.0,393.0,85.0,10,-29.6,-6.8,4.6,-41.2,-40.4,13.8,14.484062449178728,393.0
2020-11-06,0.0,420.0,64.0,11,-31.8,-9.4,1.8,-41.0,-39.2,13.6,17.300407925407928,420.0
2020-11-07,845.0,357.0,60.0,13,-27.2,-7.2,58.6,-28.8,-14.6,4.0,17.70274299344067,1202.0
2020-11-08,788.0,369.0,65.0,9,-28.0,-12.0,58.2,-30.8,-16.0,3.8,18.507413129506155,1157.0
2020-11-09,0.0,538.0,80.0,6,-30.8,-10.4,6.6,-42.0,-39.6,13.6,28.968124898357456,538.0
2020-11-10,0.0,502.0,89.0,7,-28.2,-6.0,12.4,-40.2,-40.2,13.0,28.968124898357456,502.0
2020-11-11,0.0,470.0,99.0,9,-34.8,-16.2,-29.0,-50.2,-48.8,17.6,32.991475578684884,470.0
2020-11-12,0.0,501.0,80.0,16,-37.0,-12.4,-37.4,-45.6,-41.8,16.0,31.382135306553916,501.0
2020-11-13,0.0,511.0,92.0,6,-36.8,-9.8,-34.6,-44.4,-40.8,15.8,37.01482625901231,511.0
2020-11-14,0.0,429.0,101.0,11,-30.4,-4.8,14.0,-31.8,-15.8,5.4,33.79614571475037,429.0
2020-11-15,896.0,420.0,92.0,14,-36.0,-14.0,-9.2,-38.4,-19.2,6.4,34.520348837209305,1316.0
2020-11-16,0.0,526.0,127.0,8,-33.2,-11.8,-20.4,-43.4,-40.6,14.2,40.79677589852009,526.0
2020-11-17,0.0,545.0,102.0,10,-34.0,-10.0,-25.2,-43.8,-41.4,14.8,41.31981148696266,545.0
2020-11-18,0.0,532.0,120.0,12,-35.0,-13.4,-32.0,-46.2,-41.6,15.2,41.31981148696266,532.0
2020-11-19,0.0,519.0,132.0,10,-32.6,-8.2,-24.0,-44.8,-42.6,15.4,37.13552677942213,519.0
2020-11-20,0.0,511.0,135.0,9,-33.0,-7.8,-9.4,-43.0,-41.6,15.0,39.75070472163495,511.0
2020-11-21,0.0,354.0,119.0,11,-29.6,-5.6,23.4,-31.8,-15.2,5.8,38.181597956307264,354.0
2020-11-22,0.0,415.0,116.0,12,-33.8,-12.0,-11.4,-38.6,-17.2,6.4,36.089455602537,415.0
2020-11-23,0.0,582.0,150.0,14,-33.0,-10.2,-33.4,-46.2,-43.0,15.2,40.79677589852009,582.0
2020-11-24,0.0,599.0,131.0,18,-26.8,2.8,-18.4,-43.0,-42.6,14.0,37.13552677942213,599.0
2020-11-25,0.0,633.0,141.0,12,-21.6,16.2,-15.8,-44.2,-43.6,13.0,32.95124207188161,633.0
2020-11-26,817.0,376.0,156.0,10,-62.0,-25.2,-32.4,-66.2,-74.2,23.6,23.01356589147287,1193.0
2020-11-27,0.0,765.0,158.0,16,-39.4,-24.4,-11.2,-54.6,-58.0,19.0,24.582672656800565,765.0
2020-11-28,0.0,585.0,127.0,14,-36.6,-18.2,3.2,-38.0,-19.6,7.4,28.76695736434109,585.0
2020-11-29,0.0,625.0,163.0,15,-34.0,-18.6,8.2,-37.2,-18.2,5.6,27.19785059901339,625.0
2020-11-30,0.0,787.0,188.0,20,-45.6,-30.2,-48.6,-51.2,-46.0,18.0,30.336064129668785,787.0
2020-12-01,0.0,987.0,200.0,24,-31.0,-6.0,-25.6,-44.2,-43.4,15.0,31.382135306553916,987.0
2020-12-02,0.0,820.0,176.0,26,-34.0,-11.6,-32.4,-47.4,-42.6,16.0,29.28999295278365,820.0
2020-12-03,0.0,907.0,218.0,20,-31.4,-6.0,-19.8,-45.0,-42.4,15.6,29.28999295278365,907.0
2020-12-04,0.0,755.0,182.0,28,-38.4,-12.8,-37.6,-46.4,-42.4,16.8,31.905170894996477,755.0
2020-12-05,0.0,652.0,178.0,26,-40.0,-16.6,-37.6,-43.4,-20.4,9.4,28.76695736434109,652.0
2020-12-06,0.0,659.0,173.0,22,-33.6,-14.2,-19.2,-39.4,-18.0,6.6,29.28999295278365,659.0
2020-12-07,0.0,0.0,222.0,21,-34.4,-13.4,-32.0,-46.2,-42.8,15.2,32.95124207188161,0.0
2020-12-08,0.0,904.0,220.0,23,-35.0,-12.6,-35.0,-47.6,-42.2,15.6,32.42820648343904,904.0
2020-12-09,0.0,963.0,278.0,29,-36.2,-14.6,-37.0,-48.8,-42.8,16.4,33.47427766032418,963.0
2020-12-10,0.0,905.0,246.0,28,-32.0,-6.8,-18.0,-46.2,-42.2,15.2,30.336064129668785,905.0
2020-12-11,0.0,893.0,244.0,31,-34.0,-9.4,-16.6,-45.4,-41.4,15.2,32.42820648343904,893.0
2020-12-12,0.0,583.0,209.0,34,-34.2,-10.0,-10.0,-38.0,-17.8,7.4,29.28999295278365,583.0
2020-12-13,0.0,898.0,227.0,32,-29.6,-11.4,19.6,-36.8,-17.2,5.6,27.720886187455957,898.0
2020-12-14,0.0,0.0,266.0,30,-40.0,-19.2,-45.8,-50.4,-44.4,16.6,31.905170894996477,0.0
2020-12-15,0.0,944.0,238.0,34,-27.6,3.6,-26.6,-45.2,-43.0,13.8,30.336064129668785,944.0
2020-12-16,0.0,777.0,214.0,42,-41.6,-8.0,-42.8,-51.2,-46.4,18.6,25.628743833685697,777.0
2020-12-17,0.0,770.0,231.0,39,-62.8,-45.2,-42.4,-63.6,-64.6,28.6,23.536601479915433,770.0
2020-12-18,0.0,835.0,274.0,41,-44.0,-19.8,-43.2,-47.2,-45.2,18.4,29.813028541226217,835.0
2020-12-19,0.0,690.0,239.0,33,-37.8,-12.4,-24.6,-37.8,-19.4,8.4,30.85909971811135,690.0
2020-12-20,0.0,710.0,246.0,34,-38.0,-16.2,-33.0,-40.8,-19.6,7.8,33.47427766032418,710.0
2020-12-21,0.0,0.0,331.0,46,-28.4,-6.6,-31.0,-45.2,-43.2,14.0,40.79677589852009,0.0
2020-12-22,0.0,948.0,287.0,55,-23.6,1.6,-29.2,-44.4,-44.0,13.6,37.13552677942213,948.0
2020-12-23,0.0,937.0,303.0,42,-18.2,10.8,-24.0,-44.2,-43.2,12.2,33.99731324876674,937.0
2020-12-24,0.0,642.0,276.0,43,-25.2,17.4,-31.4,-50.8,-54.0,15.4,25.628743833685697,642.0
2020-12-25,0.0,595.0,267.0,40,-77.4,-54.0,-60.4,-74.8,-79.2,28.8,23.01356589147287,595.0
2020-12-26,0.0,898.0,264.0,39,-46.2,-24.6,-32.2,-47.8,-27.0,10.0,28.76695736434109,898.0
2020-12-27,0.0,919.0,241.0,48,-42.6,-24.8,-20.4,-44.0,-20.6,7.6,31.382135306553916,919.0
2020-12-28,0.0,0.0,356.0,45,-33.2,-14.6,-20.0,-49.2,-48.0,16.0,37.13552677942213,0.0
2020-12-29,0.0,0.0,324.0,53,-33.0,-11.6,-30.0,-49.8,-49.0,16.4,36.61249119097956,0.0
2020-12-30,0.0,0.0,316.0,45,-28.8,-3.2,-27.2,-49.0,-48.2,15.8,38.704633544749825,0.0
2020-12-31,0.0,770.0,287.0,42,-29.8,7.0,-39.8,-52.4,-53.6,17.2,35.043384425651865,770.0
2021-01-01,0.0,785.0,297.0,41,-66.0,-47.0,-49.6,-72.2,-76.0,28.6,29.813028541226217,785.0
2021-01-02,0.0,0.0,325.0,62,-40.4,-14.8,-3.0,-42.6,-25.4,8.8,32.95124207188161,0.0
2021-01-03,0.0,0.0,300.0,43,-51.4,-30.6,-50.8,-50.6,-24.4,10.0,34.520348837209305,0.0
2021-01-04,0.0,0.0,411.0,65,-37.4,-13.0,-32.0,-48.4,-44.0,16.0,39.75070472163495,0.0
2021-01-05,0.0,0.0,353.0,73,-36.6,-10.0,-30.6,-48.8,-44.8,16.6,40.79677589852009,0.0
2021-01-06,0.0,0.0,381.0,66,-38.4,-14.4,-31.2,-50.2,-44.2,16.8,34.520348837209305,0.0
2021-01-07,0.0,0.0,359.0,56,-38.8,-12.4,-29.4,-50.2,-44.4,17.0,29.813028541226217,0.0
2021-01-08,0.0,0.0,355.0,64,-42.0,-15.6,-38.8,-50.6,-43.8,17.4,33.47427766032418,0.0
2021-01-09,0.0,895.0,331.0,73,-40.8,-15.2,-27.6,-44.0,-22.0,9.0,32.42820648343904,895.0
2021-01-10,0.0,0.0,310.0,57,-40.8,-18.8,-19.2,-45.8,-22.0,8.2,37.6585623678647,0.0
2021-01-11,0.0,0.0,403.0,61,-40.4,-18.4,-38.6,-51.4,-44.4,16.8,46.02713178294574,0.0
2021-01-12,0.0,0.0,397.0,78,-37.0,-12.2,-25.8,-49.4,-44.8,16.2,50.21141649048626,0.0
2021-01-13,0.0,0.0,428.0,72,-39.0,-16.0,-31.8,-51.8,-44.8,16.4,50.734452078928825,0.0
2021-01-14,0.0,0.0,430.0,70,-38.8,-15.0,-22.8,-51.0,-45.6,15.8,52.30355884425653,0.0
2021-01-15,0.0,0.0,390.0,69,-44.0,-19.0,-40.8,-52.4,-45.6,16.8,43.93498942917548,0.0
2021-01-16,0.0,910.0,373.0,71,-42.6,-18.2,-22.2,-46.0,-23.8,8.2,41.31981148696266,910.0
2021-01-17,0.0,0.0,338.0,59,-43.2,-23.0,-22.0,-47.4,-24.4,7.4,37.6585623678647,0.0
2021-01-18,0.0,0.0,444.0,79,-38.2,-20.6,-27.4,-59.4,-57.6,18.8,42.888918252290345,0.0
2021-01-19,0.0,0.0,391.0,88,-40.8,-17.2,-33.4,-51.6,-45.6,16.0,43.93498942917548,0.0
2021-01-20,0.0,0.0,372.0,80,-42.8,-22.0,-41.2,-54.6,-46.4,17.6,35.043384425651865,0.0
2021-01-21,0.0,0.0,416.0,69,-40.0,-16.0,-33.8,-52.0,-45.2,16.6,35.043384425651865,0.0
2021-01-22,0.0,0.0,429.0,87,-42.0,-15.6,-36.2,-51.0,-44.6,16.6,36.089455602537,0.0
2021-01-23,0.0,0.0,324.0,85,-44.4,-20.4,-36.6,-47.6,-24.4,9.0,35.56642001409443,0.0
2021-01-24,0.0,967.0,334.0,74,-46.6,-25.4,-37.0,-50.8,-25.0,8.4,34.520348837209305,967.0
2021-01-25,0.0,0.0,403.0,71,-41.8,-20.2,-38.0,-52.2,-45.2,16.2,39.75070472163495,0.0
2021-01-26,0.0,0.0,369.0,86,-47.0,-24.6,-48.2,-54.6,-47.4,18.0,37.13552677942213,0.0
2021-01-27,0.0,0.0,426.0,95,-41.0,-18.4,-38.0,-52.6,-44.8,16.4,32.42820648343904,0.0
2021-01-28,0.0,0.0,391.0,90,-41.4,-17.8,-40.4,-52.6,-45.6,16.8,36.61249119097956,0.0
2021-01-29,0.0,0.0,408.0,89,-48.8,-25.2,-53.8,-55.2,-46.8,18.8,35.043384425651865,0.0
2021-01-30,0.0,821.0,272.0,84,-43.2,-14.4,-35.4,-47.6,-24.0,8.8,34.520348837209305,821.0
2021-01-31,0.0,948.0,303.0,76,-42.8,-5.8,-42.8,-48.2,-23.6,7.8,28.76695736434109,948.0
2021-02-01,977.0,547.0,289.0,66,-82.0,-66.4,-70.6,-75.2,-75.8,34.2,23.61918604651163,1524.0
2021-02-02,0.0,535.0,401.0,82,-62.2,-38.6,-55.2,-63.6,-65.2,27.2,27.25290697674419,535.0
2021-02-03,0.0,0.0,436.0,80,-45.6,-19.6,-45.4,-49.8,-47.2,17.8,32.09786821705426,0.0
2021-02-04,0.0,0.0,436.0,97,-40.2,-11.2,-38.0,-47.2,-45.2,16.2,33.91472868217054,0.0
2021-02-05,0.0,0.0,439.0,85,-42.6,-14.4,-41.8,-48.6,-44.2,17.0,35.731589147286826,0.0
2021-02-06,0.0,863.0,356.0,81,-37.2,-2.6,-24.2,-40.0,-19.8,7.2,35.12596899224806,863.0
2021-02-07,0.0,722.0,310.0,80,-62.0,-39.0,-50.8,-54.6,-31.4,11.8,27.25290697674419,722.0
2021-02-08,0.0,0.0,390.0,86,-43.4,-21.2,-46.0,-50.2,-46.4,16.6,34.520348837209305,0.0
2021-02-09,0.0,0.0,395.0,71,-42.0,-16.8,-47.0,-50.8,-46.0,17.0,39.970930232558146,0.0
2021-02-10,0.0,984.0,355.0,81,-37.8,-12.8,-40.6,-49.2,-44.4,15.8,32.70348837209303,984.0
2021-02-11,0.0,915.0,324.0,99,-40.4,-16.4,-43.0,-49.4,-45.4,16.8,43.604651162790695,915.0
2021-02-12,0.0,840.0,342.0,83,-40.2,-14.0,-45.6,-50.6,-46.6,16.8,38.759689922480625,840.0
2021-02-13,0.0,806.0,281.0,87,-38.8,-8.6,-38.4,-44.4,-22.6,8.0,30.886627906976745,806.0
2021-02-14,0.0,794.0,243.0,83,-39.2,-18.8,-34.8,-44.0,-22.6,7.4,33.91472868217054,794.0
2021-02-15,0.0,693.0,317.0,85,-41.2,-23.8,-48.0,-56.8,-59.2,19.4,41.18217054263566,693.0
2021-02-16,0.0,950.0,353.0,86,-38.4,-18.2,-32.2,-50.0,-48.0,16.0,38.759689922480625,950.0
2021-02-17,0.0,0.0,293.0,85,-34.4,-9.6,-39.2,-49.2,-46.0,15.0,34.520348837209305,0.0
2021-02-18,0.0,797.0,258.0,58,-60.4,-39.4,-59.2,-58.2,-55.8,23.8,31.492248062015506,797.0
2021-02-19,0.0,984.0,299.0,58,-50.4,-28.0,-54.0,-53.0,-51.0,21.0,30.886627906976745,984.0
2021-02-20,0.0,927.0,296.0,75,-39.0,-15.2,-30.0,-41.6,-22.4,7.6,31.492248062015506,927.0
2021-02-21,0.0,583.0,274.0,62,-39.4,-20.4,-27.8,-42.8,-21.8,7.0,30.886627906976745,583.0
2021-02-22,0.0,973.0,347.0,73,-45.4,-27.8,-52.0,-51.6,-45.6,17.2,36.33720930232558,973.0
2021-02-23,0.0,0.0,331.0,80,-35.6,-13.4,-38.6,-47.6,-44.4,15.4,36.33720930232558,0.0
2021-02-24,0.0,997.0,353.0,82,-30.8,-10.4,-19.2,-46.2,-43.0,14.2,33.91472868217054,997.0
2021-02-25,0.0,974.0,292.0,80,-32.8,-11.6,-24.0,-46.4,-43.8,14.6,38.15406976744186,974.0
2021-02-26,0.0,976.0,327.0,77,-36.0,-13.6,-27.8,-46.2,-43.8,14.8,38.15406976744186,976.0
2021-02-27,0.0,789.0,241.0,67,-38.0,-17.6,-28.2,-42.6,-22.6,7.6,39.36531007751938,789.0
2021-02-28,0.0,881.0,244.0,72,-40.4,-23.0,-40.8,-44.2,-23.4,7.4,38.15406976744186,881.0
2021-03-01,0.0,0.0,323.0,65,-36.4,-16.2,-36.6,-48.0,-44.4,15.0,39.970930232558146,0.0
2021-03-02,0.0,0.0,273.0,55,-36.4,-16.6,-39.4,-48.4,-44.8,15.4,39.970930232558146,0.0
2021-03-03,0.0,0.0,306.0,74,-29.4,-9.0,-12.4,-45.0,-43.4,14.2,33.309108527131784,0.0
2021-03-04,0.0,997.0,298.0,65,-33.4,-11.8,-30.8,-46.8,-44.2,15.2,39.36531007751938,997.0
2021-03-05,0.0,905.0,255.0,53,-37.2,-14.2,-38.6,-47.0,-43.6,15.6,38.15406976744186,905.0
2021-03-06,0.0,694.0,241.0,56,-34.6,-13.4,-25.8,-41.0,-21.6,6.6,40.576550387596896,694.0
2021-03-07,0.0,850.0,245.0,61,-34.6,-17.4,-12.4,-41.4,-21.0,6.0,36.94282945736435,850.0
2021-03-08,0.0,0.0,300.0,71,-34.6,-15.6,-28.4,-47.6,-44.0,15.0,41.787790697674424,0.0
2021-03-09,0.0,0.0,282.0,72,-28.2,-9.2,11.8,-44.4,-43.2,13.6,46.632751937984494,0.0
2021-03-10,0.0,0.0,282.0,65,-29.6,-10.2,-6.2,-46.0,-43.0,14.0,43.604651162790695,0.0
2021-03-11,0.0,0.0,292.0,58,-26.2,-7.8,18.8,-43.8,-43.0,13.2,41.787790697674424,0.0
2021-03-12,0.0,886.0,293.0,74,-30.6,-10.8,5.6,-44.0,-42.6,13.6,39.36531007751938,886.0
2021-03-13,0.0,825.0,222.0,65,-29.4,-11.0,8.0,-36.2,-20.4,5.4,32.09786821705426,825.0
2021-03-14,0.0,812.0,251.0,43,-32.0,-18.0,-1.4,-38.6,-21.2,5.6,35.12596899224806,812.0
2021-03-15,0.0,0.0,293.0,47,-35.0,-17.8,-35.8,-48.0,-44.0,15.2,39.36531007751938,0.0
2021-03-16,0.0,985.0,251.0,66,-33.6,-13.6,-33.2,-47.2,-44.0,15.2,39.36531007751938,985.0
2021-03-17,0.0,0.0,276.0,47,-27.8,-10.0,-22.4,-45.6,-42.8,14.0,34.520348837209305,0.0
2021-03-18,0.0,989.0,305.0,61,-37.0,-19.8,-45.0,-48.8,-44.8,16.2,35.731589147286826,989.0
2021-03-19,0.0,0.0,261.0,48,-31.6,-11.4,-30.4,-44.8,-42.8,14.0,34.520348837209305,0.0
2021-03-20,0.0,888.0,261.0,51,-24.4,-8.4,32.4,-32.6,-19.4,3.6,33.91472868217054,888.0
2021-03-21,0.0,818.0,272.0,50,-23.0,-12.8,53.2,-33.2,-19.0,3.6,33.309108527131784,818.0
2021-03-22,0.0,0.0,328.0,56,-26.6,-12.0,1.2,-43.6,-42.8,13.0,41.18217054263566,0.0
2021-03-23,0.0,0.0,285.0,54,-25.4,-9.0,9.0,-43.2,-43.4,12.8,44.21027131782946,0.0
2021-03-24,0.0,0.0,294.0,43,-33.4,-19.0,-34.4,-47.0,-44.4,14.8,32.09786821705426,0.0
2021-03-25,0.0,0.0,312.0,72,-24.0,-5.6,4.4,-43.0,-43.4,12.8,38.15406976744186,0.0
2021-03-26,0.0,0.0,310.0,66,-27.6,-10.6,7.6,-42.0,-43.4,12.4,36.33720930232558,0.0
2021-03-27,0.0,819.0,267.0,59,-24.4,-9.8,52.6,-30.6,-19.6,3.2,35.731589147286826,819.0
2021-03-28,0.0,718.0,208.0,57,-41.4,-27.8,-37.6,-45.4,-26.8,7.4,32.70348837209303,718.0
2021-03-29,0.0,0.0,305.0,52,-27.0,-13.6,-12.6,-47.0,-48.6,13.6,46.632751937984494,0.0
2021-03-30,0.0,978.0,264.0,46,-22.6,-6.6,14.4,-43.4,-47.6,12.6,53.900193798449614,978.0
2021-03-31,0.0,992.0,291.0,65,-28.4,-12.4,-23.0,-46.6,-48.0,14.2,35.731589147286826,992.0
2021-04-01,0.0,857.0,264.0,59,-26.6,-6.2,-23.8,-46.0,-47.8,14.2,43.604651162790695,857.0
2021-04-02,0.0,794.0,265.0,53,-33.2,-10.2,-33.8,-49.4,-51.2,16.2,37.548449612403104,794.0
2021-04-03,0.0,584.0,236.0,50,-26.0,-4.2,22.8,-34.0,-21.2,4.6,32.09786821705426,584.0
2021-04-04,0.0,599.0,212.0,48,-36.4,-18.0,45.0,-36.6,-26.6,3.0,31.492248062015506,599.0
2021-04-05,0.0,976.0,266.0,56,-25.2,-10.8,9.4,-43.8,-44.2,12.8,39.36531007751938,976.0
2021-04-06,0.0,936.0,231.0,48,-23.4,-6.0,21.6,-41.6,-42.6,12.0,60.562015503875976,936.0
2021-04-07,0.0,846.0,221.0,45,-22.6,-7.2,18.0,-41.8,-42.8,12.0,39.970930232558146,846.0
2021-04-08,0.0,749.0,218.0,55,-21.6,-4.6,24.2,-40.4,-41.8,11.6,33.91472868217054,749.0
2021-04-09,0.0,753.0,207.0,57,-30.0,-11.2,-11.4,-42.2,-42.0,12.8,31.492248062015506,753.0
2021-04-10,0.0,599.0,190.0,51,-24.8,-9.4,44.2,-31.4,-19.6,3.4,27.858527131782942,599.0
2021-04-11,0.0,628.0,161.0,57,-39.2,-26.0,-40.8,-43.4,-24.2,7.2,25.436046511627907,628.0
2021-04-12,0.0,811.0,205.0,43,-34.6,-16.4,-39.6,-46.4,-43.0,14.4,28.464147286821703,811.0
2021-04-13,0.0,719.0,204.0,38,-24.2,-5.0,16.4,-41.0,-41.6,12.0,32.09786821705426,719.0
2021-04-14,0.0,646.0,192.0,36,-24.8,-8.6,10.8,-42.0,-41.6,12.0,23.61918604651163,646.0
2021-04-15,0.0,594.0,220.0,43,-36.6,-20.6,-39.0,-46.8,-43.4,15.2,24.83042635658915,594.0
2021-04-16,0.0,631.0,198.0,35,-30.6,-11.4,-21.2,-42.6,-41.0,13.0,24.22480620155039,631.0
2021-04-17,0.0,446.0,164.0,35,-25.6,-10.6,28.2,-30.6,-19.4,3.6,23.01356589147287,446.0
2021-04-18,0.0,476.0,167.0,37,-24.4,-14.6,48.6,-31.8,-19.2,3.6,22.407945736434108,476.0
2021-04-19,0.0,606.0,179.0,43,-26.8,-11.6,3.8,-42.2,-41.0,12.6,28.464147286821703,606.0
2021-04-20,0.0,487.0,155.0,35,-20.2,-6.2,42.6,-38.6,-40.8,11.0,25.83979328165375,487.0
2021-04-21,0.0,535.0,117.0,36,-29.8,-13.8,-19.0,-44.6,-42.4,14.0,20.59108527131783,535.0
2021-04-22,0.0,428.0,158.0,42,-28.4,-9.8,-19.6,-43.2,-41.4,13.2,22.609819121447032,428.0
2021-04-23,0.0,400.0,153.0,47,-27.2,-9.2,6.8,-40.2,-40.2,11.4,22.609819121447032,400.0
2021-04-24,852.0,320.0,101.0,30,-22.8,-9.0,67.4,-27.6,-19.0,2.2,23.01356589147287,1172.0
2021-04-25,755.0,282.0,119.0,26,-31.4,-17.6,3.4,-37.4,-21.2,5.6,21.802325581395348,1037.0
2021-04-26,0.0,366.0,145.0,30,-26.2,-10.2,1.8,-41.8,-40.8,12.2,26.243540051679588,366.0
2021-04-27,0.0,356.0,116.0,33,-23.8,-7.0,11.6,-41.0,-40.8,12.0,27.051033591731265,356.0
2021-04-28,0.0,381.0,125.0,33,-19.2,-6.8,42.4,-39.4,-40.6,10.8,20.18733850129199,381.0
2021-04-29,0.0,317.0,116.0,33,-26.6,-8.2,-10.6,-41.8,-41.6,12.8,23.01356589147287,317.0
2021-04-30,950.0,314.0,91.0,39,-26.8,-7.6,-7.0,-39.4,-40.4,11.8,21.39857881136951,1264.0
2021-05-01,578.0,216.0,78.0,33,-21.6,-6.2,52.6,-27.6,-18.6,2.2,40.37467700258398,794.0
2021-05-02,567.0,207.0,72.0,29,-21.8,-12.4,71.4,-28.2,-18.6,2.2,25.436046511627907,774.0
2021-05-03,935.0,282.0,90.0,24,-27.2,-10.0,-16.4,-41.0,-41.4,12.6,22.20607235142119,1217.0
2021-05-04,874.0,230.0,98.0,24,-20.8,-3.0,15.2,-38.6,-40.8,11.0,20.99483204134367,1104.0
2021-05-05,775.0,220.0,81.0,27,-28.8,-13.2,-30.4,-43.4,-41.8,13.0,18.572351421188632,995.0
2021-05-06,782.0,236.0,82.0,29,-18.8,-0.2,23.2,-37.4,-40.2,10.0,16.149870801033593,1018.0
2021-05-07,715.0,195.0,72.0,35,-23.4,-4.8,6.0,-38.0,-39.8,10.4,17.764857881136955,910.0
2021-05-08,384.0,145.0,65.0,24,-24.4,-4.2,0.0,-31.8,-20.0,3.4,14.131136950904391,529.0
2021-05-09,343.0,137.0,60.0,28,-23.2,-13.4,8.8,-30.2,-19.4,1.8,16.55361757105943,480.0
2021-05-10,655.0,202.0,70.0,25,-26.6,-10.0,-7.4,-41.2,-41.4,12.0,21.802325581395348,857.0
2021-05-11,627.0,176.0,70.0,22,-22.0,-4.4,13.0,-38.0,-40.4,11.0,21.39857881136951,803.0
2021-05-12,594.0,166.0,64.0,19,-20.4,-3.6,19.6,-37.6,-41.2,10.6,18.572351421188632,760.0
2021-05-13,506.0,133.0,67.0,24,-17.8,-3.6,41.4,-38.0,-45.0,10.8,23.01356589147287,639.0
2021-05-14,487.0,184.0,69.0,28,-22.8,-6.2,26.6,-36.2,-41.0,10.0,22.20607235142119,671.0
2021-05-15,292.0,96.0,42.0,12,-20.4,-7.6,82.4,-22.6,-20.8,0.6,19.379844961240313,388.0
2021-05-16,279.0,130.0,40.0,17,-22.4,-12.2,59.8,-27.6,-19.0,2.0,17.764857881136955,409.0
2021-05-17,453.0,132.0,72.0,16,-22.2,-8.4,23.2,-38.8,-43.4,11.6,20.99483204134367,585.0
2021-05-18,415.0,127.0,52.0,14,-19.2,-4.2,37.4,-37.4,-42.8,10.2,21.802325581395348,542.0
2021-05-19,377.0,122.0,57.0,13,-17.2,-3.8,39.6,-38.2,-40.0,9.8,17.361111111111114,499.0
2021-05-20,397.0,94.0,65.0,15,-17.8,-0.6,32.2,-36.6,-39.8,10.0,17.764857881136955,491.0
2021-05-21,349.0,90.0,51.0,13,-22.6,-4.2,25.2,-34.6,-39.0,9.2,16.55361757105943,439.0
2021-05-22,233.0,83.0,38.0,17,-21.2,-7.0,74.4,-21.2,-18.8,0.8,16.149870801033593,316.0
2021-05-23,186.0,61.0,46.0,10,-20.2,-11.0,83.8,-23.8,-18.0,1.2,16.55361757105943,247.0
2021-05-24,355.0,122.0,35.0,10,-22.6,-7.6,4.8,-38.6,-40.2,11.0,18.16860465116279,477.0
2021-05-25,305.0,95.0,42.0,7,-18.4,-3.4,27.4,-36.2,-39.4,9.6,18.976098191214472,400.0
2021-05-26,249.0,70.0,33.0,4,-20.0,-7.4,17.4,-36.6,-39.6,10.6,14.534883720930234,319.0
2021-05-27,257.0,76.0,47.0,9,-14.8,0.6,42.0,-34.2,-39.0,8.8,14.131136950904391,333.0
2021-05-28,210.0,54.0,35.0,12,-28.0,-10.2,-18.8,-38.6,-40.4,11.2,12.919896640826876,264.0
2021-05-29,126.0,51.0,25.0,9,-33.6,-16.6,-31.4,-37.6,-24.2,5.6,11.708656330749356,177.0
2021-05-30,118.0,39.0,27.0,8,-36.2,-25.8,-43.6,-41.0,-22.4,5.6,10.901162790697674,157.0
2021-05-31,118.0,63.0,18.0,12,-19.8,-10.8,42.0,-52.0,-68.8,15.2,12.919896640826876,181.0
2021-06-01,289.0,66.0,35.0,12,-18.4,0.0,28.0,-35.0,-39.4,9.2,15.342377260981912,355.0
2021-06-02,244.0,67.0,44.0,11,-16.8,-1.0,26.2,-35.6,-38.6,9.6,12.919896640826876,311.0
2021-06-03,206.0,44.0,29.0,10,-22.4,-5.2,-10.0,-38.8,-42.0,12.2,14.131136950904391,250.0
2021-06-04,225.0,58.0,25.0,8,-25.2,-8.2,-5.2,-35.8,-38.2,10.8,13.323643410852714,283.0
2021-06-05,143.0,52.0,16.0,6,-17.2,-3.6,100.0,-18.4,-16.8,-0.8,11.304909560723516,195.0
2021-06-06,130.0,29.0,23.0,5,-17.8,-9.0,96.8,-21.6,-16.0,0.2,11.708656330749356,159.0
2021-06-07,222.0,72.0,32.0,6,-19.2,-5.8,18.4,-35.8,-39.2,10.2,13.323643410852714,294.0
2021-06-08,175.0,59.0,35.0,10,-22.2,-9.4,-4.2,-37.4,-40.2,11.4,13.727390180878556,234.0
2021-06-09,210.0,49.0,23.0,9,-15.8,0.4,19.6,-35.2,-38.4,9.8,12.516149870801035,259.0
2021-06-10,156.0,52.0,25.0,6,-13.2,2.6,35.8,-33.0,-38.0,8.6,12.919896640826876,208.0
2021-06-11,187.0,44.0,22.0,9,-21.4,-3.8,5.0,-34.2,-38.2,9.2,13.323643410852714,231.0
2021-06-12,121.0,35.0,21.0,4,-19.0,-5.4,67.4,-19.4,-17.6,0.2,10.497416020671835,156.0
2021-06-13,114.0,45.0,31.0,6,-18.0,-10.4,67.0,-21.8,-15.6,0.8,10.901162790697674,159.0
2021-06-14,179.0,51.0,26.0,8,-21.6,-8.2,1.0,-37.8,-40.2,11.2,13.727390180878556,230.0
2021-06-15,179.0,36.0,25.0,6,-13.8,0.2,36.6,-32.8,-37.8,8.8,16.149870801033593,215.0
2021-06-16,172.0,55.0,25.0,7,-13.0,-0.6,40.6,-33.4,-38.6,8.2,12.919896640826876,227.0
2021-06-17,187.0,46.0,28.0,10,-12.4,1.4,44.2,-31.8,-39.0,8.0,12.112403100775197,233.0
2021-06-18,160.0,30.0,19.0,8,-17.6,-2.6,33.2,-33.4,-40.8,8.0,11.304909560723516,190.0
2021-06-19,107.0,42.0,13.0,11,-19.4,-5.0,66.6,-21.2,-19.0,-0.2,10.497416020671835,149.0
2021-06-20,95.0,40.0,25.0,5,-17.0,-9.2,87.8,-21.4,-18.4,-1.8,10.093669250645997,135.0
2021-06-21,168.0,57.0,30.0,3,-18.2,-8.2,20.8,-36.4,-41.2,9.6,12.919896640826876,225.0
2021-06-22,171.0,45.0,34.0,8,-21.4,-9.4,-13.8,-37.4,-41.2,10.6,13.323643410852714,216.0
2021-06-23,187.0,42.0,24.0,5,-11.4,-1.2,41.2,-32.4,-39.4,8.0,10.901162790697674,229.0
2021-06-24,175.0,57.0,14.0,5,-11.8,0.4,41.8,-33.0,-39.8,8.2,11.708656330749356,232.0
2021-06-25,180.0,44.0,18.0,5,-17.6,-4.4,28.0,-32.6,-39.8,8.0,10.093669250645997,224.0
2021-06-26,118.0,44.0,18.0,3,-20.4,-8.0,73.8,-19.4,-18.4,-0.6,10.901162790697674,162.0
2021-06-27,109.0,38.0,22.0,1,-18.8,-11.2,77.2,-20.4,-18.2,0.2,10.497416020671835,147.0
2021-06-28,206.0,80.0,27.0,6,-18.2,-8.4,22.6,-37.4,-44.4,7.8,12.516149870801035,286.0
2021-06-29,212.0,53.0,21.0,4,-20.2,-9.4,24.6,-38.2,-44.4,8.6,12.919896640826876,265.0
2021-06-30,226.0,85.0,20.0,4,-18.2,-7.2,19.0,-37.8,-43.4,9.6,9.286175710594316,311.0
2021-07-01,204.0,43.0,31.0,4,-21.0,-6.8,-9.4,-38.0,-43.6,10.6,10.093669250645997,247.0
2021-07-02,233.0,66.0,37.0,7,-22.0,-4.2,-8.2,-37.0,-44.4,10.4,10.093669250645997,299.0
2021-07-03,146.0,57.0,22.0,6,-24.8,-6.4,2.8,-29.4,-22.6,3.0,8.882428940568477,203.0
2021-07-04,124.0,48.0,24.0,3,-25.4,-12.6,121.2,-17.4,-26.8,-2.6,8.478682170542635,172.0
2021-07-05,187.0,65.0,16.0,2,-20.8,-13.4,53.2,-49.8,-68.4,13.4,10.901162790697674,252.0
2021-07-06,364.0,111.0,24.0,3,-22.2,-8.2,10.4,-35.2,-43.6,9.6,13.323643410852714,475.0
2021-07-07,402.0,106.0,23.0,2,-16.8,-2.0,27.8,-33.6,-43.0,9.0,11.337209302325585,508.0
2021-07-08,369.0,123.0,23.0,2,-22.8,-7.2,-1.0,-35.2,-43.4,10.6,13.08139534883721,492.0
2021-07-09,371.0,121.0,35.0,2,-24.2,-6.6,2.4,-37.8,-44.2,11.2,12.645348837209305,492.0
2021-07-10,238.0,118.0,20.0,2,-20.6,-6.4,74.4,-20.0,-18.8,-0.4,11.337209302325585,356.0
2021-07-11,272.0,110.0,28.0,4,-20.6,-11.6,63.2,-24.4,-18.4,0.8,10.465116279069768,382.0
2021-07-12,477.0,169.0,24.0,5,-22.0,-8.6,1.0,-36.2,-43.6,10.4,15.261627906976749,646.0
2021-07-13,457.0,192.0,27.0,3,-16.6,-2.0,21.8,-33.0,-42.0,9.2,15.69767441860465,649.0
2021-07-14,549.0,202.0,47.0,2,-15.8,-4.0,28.4,-33.8,-41.4,8.8,14.389534883720934,751.0
2021-07-15,552.0,232.0,28.0,5,-14.4,-1.0,41.4,-31.8,-41.0,7.6,17.441860465116278,784.0
2021-07-16,557.0,184.0,38.0,5,-20.8,-7.0,24.8,-33.0,-42.0,8.6,17.87790697674419,741.0
2021-07-17,340.0,149.0,39.0,7,-24.6,-12.2,40.0,-24.4,-19.8,1.6,17.005813953488374,489.0
2021-07-18,395.0,196.0,39.0,3,-18.4,-10.2,63.8,-22.4,-19.0,0.8,17.005813953488374,591.0
2021-07-19,813.0,298.0,55.0,4,-18.0,-5.8,21.0,-34.8,-42.6,9.2,20.05813953488372,1111.0
2021-07-20,708.0,230.0,54.0,4,-16.2,-4.0,42.4,-33.2,-43.4,8.8,20.49418604651163,938.0
2021-07-21,893.0,254.0,48.0,2,-18.2,-6.6,14.8,-34.6,-41.4,9.4,18.313953488372096,1147.0
2021-07-22,977.0,321.0,53.0,3,-14.2,-0.4,40.4,-31.8,-41.0,8.0,20.930232558139537,1298.0
2021-07-23,916.0,295.0,53.0,4,-19.8,-5.6,28.0,-32.2,-41.6,8.0,20.05813953488372,1211.0
2021-07-24,552.0,255.0,41.0,2,-20.6,-7.8,89.8,-18.2,-18.2,-1.0,18.313953488372096,807.0
2021-07-25,635.0,280.0,41.0,4,-22.0,-13.4,52.4,-24.4,-18.4,0.8,19.622093023255815,915.0
2021-07-26,0.0,391.0,63.0,2,-18.4,-7.0,25.8,-33.8,-42.2,9.2,22.67441860465117,391.0
2021-07-27,0.0,371.0,71.0,5,-16.2,-3.8,36.6,-33.8,-41.0,8.6,25.726744186046513,371.0
2021-07-28,0.0,443.0,77.0,6,-15.0,-4.2,36.0,-33.4,-40.8,8.4,22.23837209302326,443.0
2021-07-29,0.0,388.0,76.0,7,-23.2,-10.4,-5.6,-36.6,-41.6,10.4,24.41860465116279,388.0
2021-07-30,0.0,377.0,78.0,9,-17.8,-2.6,33.4,-32.4,-41.4,7.6,20.930232558139537,377.0
2021-07-31,849.0,324.0,71.0,5,-19.0,-6.6,92.0,-18.2,-18.2,-1.0,18.313953488372096,1173.0
2021-08-01,830.0,326.0,50.0,12,-21.4,-12.6,56.0,-24.4,-18.4,0.6,21.366279069767444,1156.0
2021-08-02,0.0,452.0,74.0,4,-16.0,-5.0,31.8,-34.4,-42.0,8.8,27.03488372093023,452.0
2021-08-03,0.0,457.0,100.0,2,-14.6,-1.4,38.4,-32.4,-41.4,8.6,34.01162790697675,457.0
2021-08-04,0.0,424.0,89.0,8,-15.4,-3.8,26.8,-33.4,-41.0,8.8,43.604651162790695,424.0
2021-08-05,0.0,517.0,89.0,7,-14.8,-1.0,35.8,-33.6,-40.8,8.4,37.93604651162791,517.0
2021-08-06,0.0,416.0,113.0,11,-20.0,-5.6,32.2,-33.4,-41.4,8.0,28.343023255813954,416.0
2021-08-07,0.0,332.0,85.0,14,-21.2,-8.0,77.4,-19.8,-19.4,0.0,26.16279069767442,332.0
2021-08-08,0.0,332.0,99.0,6,-24.0,-15.8,23.6,-26.6,-19.8,1.6,29.21511627906977,332.0
2021-08-09,0.0,445.0,130.0,10,-19.0,-6.2,17.4,-35.4,-42.2,9.4,31.831395348837216,445.0
2021-08-10,0.0,441.0,121.0,6,-18.4,-6.4,20.6,-34.0,-41.2,9.6,32.70348837209303,441.0
2021-08-11,0.0,273.0,135.0,10,-17.8,-6.2,24.2,-34.6,-41.4,9.2,26.16279069767442,273.0
2021-08-12,0.0,356.0,123.0,6,-18.2,-4.2,25.6,-34.8,-41.6,9.0,29.651162790697676,356.0
2021-08-13,0.0,448.0,140.0,9,-22.6,-8.2,17.0,-34.6,-42.2,8.8,28.779069767441868,448.0
2021-08-14,0.0,313.0,94.0,10,-22.0,-8.4,57.8,-22.8,-19.8,0.2,28.343023255813954,313.0
2021-08-15,0.0,321.0,112.0,7,-18.8,-11.4,81.6,-20.4,-19.2,-0.8,24.8546511627907,321.0
2021-08-16,0.0,508.0,135.0,6,-17.6,-7.2,22.4,-35.2,-44.4,9.4,30.523255813953497,508.0
2021-08-17,0.0,439.0,137.0,16,-15.6,-4.4,28.4,-34.4,-43.4,9.0,30.08720930232558,439.0
2021-08-18,0.0,456.0,108.0,14,-17.8,-6.2,20.0,-35.6,-41.8,9.6,26.16279069767442,456.0
2021-08-19,0.0,437.0,98.0,14,-17.6,-4.8,24.6,-35.4,-42.2,9.2,28.343023255813954,437.0
2021-08-20,0.0,388.0,123.0,7,-21.6,-6.8,14.6,-34.2,-42.8,9.0,27.906976744186046,388.0
2021-08-21,0.0,314.0,113.0,16,-23.8,-4.6,46.8,-23.8,-20.6,0.6,23.110465116279073,314.0
2021-08-22,719.0,208.0,105.0,11,-52.2,-40.4,-55.4,-51.0,-31.4,10.0,21.802325581395348,927.0
2021-08-23,0.0,460.0,119.0,12,-23.2,-10.8,-5.0,-41.8,-47.2,12.0,29.21511627906977,460.0
2021-08-24,0.0,418.0,109.0,11,-15.4,-3.4,35.2,-33.6,-43.2,8.2,30.95930232558139,418.0
2021-08-25,0.0,445.0,110.0,8,-16.4,-6.2,29.6,-35.0,-43.0,8.8,25.29069767441861,445.0
2021-08-26,0.0,423.0,109.0,15,-17.2,-4.4,27.4,-34.8,-43.4,8.8,28.343023255813954,423.0
2021-08-27,0.0,395.0,110.0,11,-25.8,-10.8,-0.8,-35.8,-43.8,9.8,23.110465116279073,395.0
2021-08-28,988.0,316.0,87.0,14,-23.6,-9.0,29.0,-25.2,-20.4,1.6,22.23837209302326,1304.0
2021-08-29,989.0,250.0,96.0,14,-20.4,-12.4,58.4,-19.2,-19.4,0.6,22.23837209302326,1239.0
2021-08-30,0.0,443.0,121.0,14,-19.0,-7.0,21.6,-35.4,-44.2,9.8,21.366279069767444,443.0
2021-08-31,0.0,371.0,125.0,11,-15.0,-0.4,36.6,-33.0,-42.6,8.8,21.802325581395348,371.0
2021-09-01,0.0,334.0,127.0,13,-28.2,-16.0,-20.2,-40.2,-45.4,12.8,34.01162790697675,334.0
2021-09-02,0.0,334.0,95.0,13,-15.4,-1.4,28.2,-35.8,-48.8,11.6,22.23837209302326,334.0
2021-09-03,0.0,330.0,80.0,8,-16.8,-2.2,24.6,-31.0,-43.2,8.2,21.366279069767444,330.0
2021-09-04,905.0,256.0,110.0,14,-18.4,-5.2,74.6,-20.0,-20.0,-0.4,20.05813953488372,1161.0
2021-09-05,954.0,262.0,73.0,15,-21.0,-13.4,37.6,-24.8,-19.2,1.0,19.622093023255815,1216.0
2021-09-06,942.0,268.0,78.0,17,-18.8,-12.0,56.4,-50.2,-70.2,14.8,20.49418604651163,1210.0
2021-09-07,0.0,375.0,110.0,7,-16.6,-2.2,35.2,-35.2,-46.4,9.6,25.29069767441861,375.0
2021-09-08,0.0,387.0,100.0,20,-14.8,-1.4,26.6,-35.2,-44.4,9.2,21.366279069767444,387.0
2021-09-09,0.0,389.0,103.0,19,-22.0,-7.0,-13.8,-34.8,-42.4,10.4,23.546511627906977,389.0
2021-09-10,0.0,412.0,99.0,15,-17.0,-2.0,27.6,-28.8,-39.4,7.4,22.23837209302326,412.0
2021-09-11,0.0,320.0,84.0,15,-15.2,-3.8,77.4,-16.6,-16.4,0.2,20.05813953488372,320.0
2021-09-12,0.0,343.0,90.0,11,-13.4,-3.6,72.0,-17.0,-16.2,1.0,19.186046511627907,343.0
2021-09-13,0.0,439.0,104.0,13,-14.0,-1.4,22.4,-25.2,-41.4,7.2,23.982558139534884,439.0
2021-09-14,0.0,433.0,84.0,9,-14.6,1.8,31.6,-25.4,-40.0,7.0,23.110465116279073,433.0
2021-09-15,0.0,453.0,95.0,10,-14.6,0.2,28.6,-27.0,-40.8,7.0,21.366279069767444,453.0
2021-09-16,0.0,423.0,86.0,12,-17.4,-2.0,19.4,-35.4,-46.6,10.8,20.49418604651163,423.0
2021-09-17,0.0,436.0,90.0,11,-20.0,-3.8,9.4,-26.4,-39.6,7.2,21.366279069767444,436.0
2021-09-18,956.0,339.0,89.0,11,-16.2,-4.2,74.8,-17.2,-18.2,0.2,20.49418604651163,1295.0
2021-09-19,0.0,441.0,69.0,17,-15.0,-6.0,70.2,-17.4,-17.6,0.4,18.75,441.0
2021-09-20,0.0,495.0,99.0,15,-16.8,-3.0,19.0,-27.2,-40.4,7.0,23.546511627906977,495.0
2021-09-21,0.0,452.0,84.0,14,-17.2,-2.4,26.2,-27.2,-41.0,7.6,23.546511627906977,452.0
2021-09-22,0.0,448.0,98.0,16,-17.2,-3.0,26.6,-29.0,-38.2,7.8,18.75,448.0
2021-09-23,0.0,465.0,98.0,11,-21.6,-4.8,5.0,-29.2,-38.0,8.8,21.999999999999996,465.0
2021-09-24,0.0,436.0,81.0,10,-18.4,-2.4,19.6,-26.0,-36.8,6.6,20.5,436.0
2021-09-25,814.0,322.0,70.0,16,-17.4,-5.2,72.6,-17.0,-17.4,0.0,18.75,1136.0
2021-09-26,856.0,347.0,55.0,15,-17.4,-7.2,64.6,-18.8,-18.2,1.0,17.0,1203.0
2021-09-27,0.0,406.0,75.0,17,-18.2,-2.2,20.4,-28.0,-36.8,7.4,21.999999999999996,406.0
2021-09-28,0.0,395.0,68.0,14,-23.2,-7.2,3.4,-30.6,-37.4,9.4,21.5,395.0
2021-09-29,0.0,407.0,66.0,15,-15.6,-1.0,20.4,-28.2,-35.8,7.0,16.25,407.0
2021-09-30,0.0,411.0,65.0,8,-15.4,2.0,18.0,-25.6,-33.2,7.0,20.25,411.0
2021-10-01,0.0,409.0,87.0,8,-16.6,0.6,14.0,-24.2,-32.4,6.0,16.75,409.0
2021-10-02,678.0,277.0,66.0,12,-15.2,-2.6,59.2,-16.8,-16.6,0.4,14.750000000000002,955.0
2021-10-03,907.0,279.0,65.0,12,-16.4,-6.4,54.8,-18.8,-16.8,1.4,14.249999999999998,1186.0
2021-10-04,0.0,415.0,77.0,13,-22.6,-5.8,-15.2,-29.0,-34.4,8.8,19.5,415.0
2021-10-05,0.0,349.0,71.0,6,-17.0,1.8,9.4,-26.6,-33.0,7.4,18.75,349.0
2021-10-06,0.0,335.0,65.0,17,-16.4,0.0,16.0,-27.0,-32.0,7.0,15.5,335.0
2021-10-07,0.0,361.0,62.0,13,-15.6,2.0,26.0,-25.0,-31.8,6.2,16.25,361.0
2021-10-08,0.0,343.0,47.0,16,-19.0,-2.4,17.6,-25.2,-32.2,6.4,14.750000000000002,343.0
2021-10-09,610.0,241.0,67.0,8,-19.4,-5.2,44.2,-18.0,-18.0,0.6,13.0,851.0
2021-10-10,687.0,224.0,52.0,17,-25.2,-14.6,-3.4,-26.8,-19.6,3.6,13.750000000000002,911.0
2021-10-11,935.0,308.0,55.0,9,-17.6,-5.4,12.8,-40.6,-50.6,12.4,15.749999999999996,1243.0
2021-10-12,0.0,287.0,52.0,4,-17.6,0.0,20.2,-26.0,-31.4,7.0,16.499999999999996,287.0
2021-10-13,0.0,273.0,77.0,9,-17.8,-1.4,14.8,-25.8,-31.0,7.2,17.0,273.0
2021-10-14,0.0,293.0,50.0,8,-15.0,1.4,29.0,-24.6,-30.4,6.2,15.5,293.0
2021-10-15,884.0,234.0,61.0,9,-17.6,-2.0,23.6,-24.8,-30.8,5.8,15.0,1118.0
2021-10-16,488.0,193.0,57.0,6,-18.8,-6.0,41.8,-20.2,-16.8,1.4,12.5,681.0
2021-10-17,586.0,205.0,49.0,11,-17.4,-8.2,37.2,-21.0,-17.6,1.4,10.999999999999998,791.0
2021-10-18,872.0,299.0,59.0,13,-19.2,-4.6,-5.6,-28.0,-32.4,8.0,16.0,1171.0
2021-10-19,796.0,204.0,50.0,11,-17.0,-1.4,13.2,-26.8,-31.2,7.0,16.0,1000.0
2021-10-20,797.0,208.0,51.0,7,-15.8,-1.8,22.8,-25.8,-30.4,6.8,14.499999999999998,1005.0
2021-10-21,810.0,196.0,51.0,15,-15.2,0.8,25.2,-24.6,-30.4,6.4,14.249999999999998,1006.0
2021-10-22,693.0,228.0,46.0,10,-18.8,-3.0,15.6,-24.8,-30.4,6.2,14.249999999999998,921.0
2021-10-23,451.0,143.0,44.0,10,-19.2,-6.4,29.4,-19.8,-17.4,1.4,12.0,594.0
2021-10-24,444.0,149.0,44.0,14,-18.4,-9.2,27.8,-21.4,-17.6,1.8,11.75,593.0
2021-10-25,898.0,239.0,35.0,9,-18.2,-2.8,7.8,-26.4,-31.2,8.0,16.0,1137.0
2021-10-26,594.0,150.0,43.0,7,-28.8,-13.8,-24.4,-36.6,-36.4,12.6,15.749999999999996,744.0
2021-10-27,759.0,211.0,49.0,10,-15.6,-0.6,-1.0,-26.0,-29.6,6.8,14.750000000000002,970.0
2021-10-28,737.0,193.0,38.0,7,-12.6,4.4,13.0,-23.0,-29.8,6.2,14.750000000000002,930.0
2021-10-29,641.0,200.0,32.0,4,-20.8,-3.8,-11.6,-26.2,-30.0,7.6,13.249999999999998,841.0
2021-10-30,400.0,157.0,30.0,10,-18.2,-1.4,15.0,-21.0,-17.8,2.4,10.75,557.0
2021-10-31,446.0,153.0,32.0,7,-14.4,-2.8,44.2,-13.0,-16.6,1.2,10.0,599.0
2021-11-01,780.0,278.0,40.0,4,-16.6,-1.8,2.0,-25.4,-31.2,7.0,13.999999999999998,1058.0
2021-11-02,806.0,240.0,50.0,10,-18.0,-3.4,-8.4,-33.4,-39.8,10.4,15.0,1046.0
2021-11-03,824.0,272.0,54.0,6,-17.2,-1.2,-2.8,-26.6,-29.0,7.4,13.750000000000002,1096.0
2021-11-04,906.0,259.0,40.0,4,-16.8,0.2,-0.4,-26.0,-29.8,7.6,17.0,1165.0
2021-11-05,768.0,268.0,35.0,6,-19.6,-3.0,-5.6,-25.2,-29.0,7.0,17.5,1036.0
2021-11-06,506.0,220.0,41.0,12,-17.2,-4.0,23.6,-18.6,-16.0,1.4,14.499999999999998,726.0
2021-11-07,543.0,216.0,34.0,8,-17.8,-8.0,29.2,-15.2,-17.8,2.4,13.999999999999998,759.0
2021-11-08,0.0,306.0,44.0,8,-18.4,-2.4,1.8,-24.8,-29.4,7.2,16.499999999999996,306.0
2021-11-09,0.0,276.0,35.0,12,-16.4,-0.6,15.0,-24.2,-28.2,6.8,17.5,276.0
2021-11-10,0.0,358.0,46.0,6,-15.0,-1.2,10.6,-24.8,-28.0,6.2,14.750000000000002,358.0
2021-11-11,874.0,319.0,50.0,6,-14.8,-0.6,2.8,-34.4,-44.6,11.4,16.499999999999996,1193.0
2021-11-12,0.0,320.0,43.0,16,-25.2,-9.4,-19.8,-29.4,-31.8,9.6,15.25,320.0
2021-11-13,613.0,210.0,45.0,8,-21.0,-9.0,4.0,-21.0,-16.8,3.0,14.249999999999998,823.0
2021-11-14,689.0,258.0,40.0,5,-18.4,-8.6,0.0,-21.6,-16.8,2.6,14.249999999999998,947.0
2021-11-15,0.0,369.0,48.0,12,-19.8,-6.0,-18.2,-26.6,-29.8,8.0,17.25,369.0
2021-11-16,0.0,336.0,43.0,10,-17.6,-2.0,-6.6,-25.6,-28.2,7.0,19.25,336.0
2021-11-17,0.0,378.0,53.0,7,-16.6,-1.8,-1.4,-25.0,-27.8,6.8,17.0,378.0
2021-11-18,0.0,368.0,55.0,7,-13.2,1.8,14.8,-23.0,-28.6,6.4,18.25,368.0
2021-11-19,0.0,383.0,53.0,8,-21.0,-5.0,-16.2,-24.8,-29.0,7.6,18.25,383.0
2021-11-20,827.0,292.0,47.0,10,-17.4,-3.2,11.4,-16.4,-15.4,2.0,17.75,1119.0
2021-11-21,841.0,311.0,43.0,4,-16.4,-6.6,9.0,-18.2,-15.2,2.2,17.25,1152.0
2021-11-22,0.0,477.0,56.0,8,-17.2,-0.4,-18.4,-26.2,-30.2,7.6,19.25,477.0
2021-11-23,0.0,351.0,65.0,6,-14.2,6.2,-14.2,-25.0,-30.2,6.6,21.25,351.0
2021-11-24,0.0,439.0,68.0,14,-5.2,21.6,-8.2,-26.6,-34.6,6.0,15.0,439.0
2021-11-25,531.0,248.0,68.0,7,-50.4,-20.2,-15.4,-53.6,-77.4,17.2,13.750000000000002,779.0
2021-11-26,0.0,407.0,77.0,11,-30.4,-23.4,-35.6,-48.0,-59.8,16.4,21.0,407.0
2021-11-27,972.0,354.0,64.0,9,-25.6,-15.6,-11.2,-25.6,-22.0,3.6,24.5,1326.0
2021-11-28,0.0,402.0,56.0,10,-26.0,-17.2,-17.4,-24.6,-18.8,3.2,23.25,402.0
2021-11-29,0.0,617.0,82.0,10,-20.8,-7.4,-20.6,-28.0,-30.8,8.0,22.5,617.0
2021-11-30,0.0,530.0,90.0,6,-20.4,-3.8,-17.6,-25.8,-29.2,7.8,19.5,530.0
2021-12-01,0.0,625.0,92.0,18,-17.2,-0.8,-6.2,-25.4,-28.6,7.2,19.25,625.0
2021-12-02,0.0,619.0,91.0,15,-17.0,0.0,-2.0,-24.8,-28.8,7.4,21.5,619.0
2021-12-03,0.0,535.0,107.0,13,-21.0,-4.2,-12.6,-25.2,-29.4,7.8,24.0,535.0
2021-12-04,0.0,442.0,85.0,11,-17.0,-4.4,13.4,-16.6,-15.0,2.4,23.0,442.0
2021-12-05,0.0,518.0,105.0,14,-18.0,-9.0,7.4,-18.4,-15.8,3.0,20.25,518.0
2021-12-06,0.0,739.0,141.0,9,-19.4,-5.0,-12.0,-26.6,-29.8,8.0,24.5,739.0
2021-12-07,0.0,659.0,136.0,17,-18.4,-2.8,-10.8,-26.4,-27.6,7.6,25.0,659.0
2021-12-08,0.0,793.0,148.0,8,-19.2,-5.0,-13.4,-27.8,-27.4,7.8,21.75,793.0
2021-12-09,0.0,756.0,142.0,11,-18.2,-2.0,-10.6,-26.8,-27.2,7.4,21.999999999999996,756.0
2021-12-10,0.0,763.0,173.0,16,-20.0,-3.8,-7.4,-25.8,-27.6,7.8,25.0,763.0
2021-12-11,0.0,347.0,130.0,9,-19.6,-7.2,2.0,-18.6,-13.4,3.0,21.999999999999996,347.0
2021-12-12,0.0,769.0,140.0,17,-17.2,-9.0,5.2,-18.6,-12.8,2.4,21.0,769.0
2021-12-13,0.0,0.0,203.0,21,-18.0,-3.4,-9.0,-27.2,-28.2,8.0,30.0,0.0
2021-12-14,0.0,0.0,210.0,20,-16.4,-1.4,-0.8,-26.8,-28.2,7.4,34.0,0.0
2021-12-15,0.0,0.0,226.0,11,-16.2,-1.8,-4.6,-26.4,-28.0,7.2,35.0,0.0
2021-12-16,0.0,0.0,345.0,12,-12.6,2.8,7.0,-25.2,-28.6,7.0,51.0,0.0
2021-12-17,0.0,0.0,306.0,23,-18.0,-1.0,-0.8,-26.4,-30.2,8.0,57.99999999999999,0.0
2021-12-18,0.0,0.0,284.0,18,-21.8,-7.4,-13.0,-24.2,-15.6,4.0,62.0,0.0
2021-12-19,0.0,0.0,344.0,27,-16.8,-8.2,-10.6,-22.0,-14.6,3.4,62.0,0.0
2021-12-20,0.0,0.0,423.0,13,-15.4,-0.4,-17.6,-31.0,-33.8,9.2,75.0,0.0
2021-12-21,0.0,0.0,463.0,11,-13.6,6.0,-10.6,-30.8,-35.0,9.6,83.0,0.0
2021-12-22,0.0,0.0,689.0,32,-12.4,8.0,-13.4,-32.2,-36.4,9.4,73.0,0.0
2021-12-23,0.0,0.0,693.0,23,-7.8,19.4,-11.2,-33.6,-40.4,9.8,75.99999999999999,0.0
2021-12-24,0.0,0.0,583.0,44,-28.0,11.8,-28.8,-48.0,-64.8,17.8,67.0,0.0
2021-12-25,0.0,0.0,615.0,38,-68.6,-50.4,-34.0,-53.4,-58.6,12.0,59.00000000000001,0.0
2021-12-26,0.0,0.0,741.0,35,-29.2,-18.6,1.0,-29.2,-24.8,5.2,75.0,0.0
2021-12-27,0.0,0.0,965.0,37,-25.8,-9.4,-23.6,-42.8,-52.0,15.2,87.0,0.0
2021-12-28,0.0,0.0,870.0,39,-23.2,-4.0,-10.2,-39.2,-51.2,15.0,100.0,0.0
2021-12-29,0.0,0.0,954.0,49,-23.6,-4.6,-18.4,-41.8,-51.2,15.6,73.0,0.0
2021-12-30,0.0,0.0,0.0,35,-17.4,6.8,-8.6,-40.0,-52.2,15.0,69.0,0.0
2021-12-31,0.0,0.0,831.0,61,-30.0,4.4,-19.4,-49.2,-64.6,20.4,60.0,0.0
2022-01-01,0.0,0.0,879.0,68,-59.0,-45.0,-42.2,-51.8,-50.4,13.8,52.0,0.0
2022-01-02,0.0,0.0,0.0,69,-32.8,-16.2,-7.6,-32.6,-24.2,7.4,62.999999999999986,0.0
2022-01-03,0.0,0.0,0.0,77,-32.8,-10.6,-36.8,-41.4,-42.8,15.4,75.99999999999999,0.0
2022-01-04,0.0,0.0,0.0,95,-31.2,-6.6,-26.4,-38.4,-40.0,14.2,78.0,0.0
2022-01-05,0.0,0.0,0.0,87,-33.4,-9.6,-31.2,-39.8,-40.2,15.2,65.99999999999999,0.0
2022-01-06,0.0,0.0,949.0,98,-27.8,2.2,-22.6,-38.0,-38.6,13.4,60.0,0.0
2022-01-07,0.0,0.0,827.0,105,-47.2,-26.8,-38.0,-45.2,-46.2,20.0,49.0,0.0
2022-01-08,0.0,0.0,761.0,108,-36.8,-15.8,-22.6,-37.2,-22.0,8.8,48.0,0.0
2022-01-09,0.0,0.0,724.0,126,-39.0,-21.6,-37.4,-39.8,-21.4,8.4,45.0,0.0
2022-01-10,0.0,0.0,928.0,122,-31.4,-10.2,-34.2,-38.4,-37.0,12.8,46.0,0.0
2022-01-11,0.0,0.0,771.0,147,-37.4,-18.0,-38.0,-43.2,-38.4,14.4,45.0,0.0
2022-01-12,0.0,0.0,760.0,126,-29.8,-7.6,-24.6,-39.0,-35.6,12.6,39.0,0.0
2022-01-13,0.0,0.0,729.0,135,-27.6,-3.8,-14.2,-35.8,-35.0,11.6,37.99999999999999,0.0
2022-01-14,0.0,0.0,690.0,139,-32.4,-8.8,-28.8,-37.4,-34.6,12.0,34.0,0.0
2022-01-15,0.0,882.0,515.0,105,-39.0,-21.6,-36.6,-40.8,-21.4,7.8,30.0,882.0
2022-01-16,0.0,902.0,451.0,126,-38.0,-22.4,-36.8,-39.8,-20.6,7.0,27.999999999999996,902.0
2022-01-17,0.0,0.0,538.0,111,-37.8,-23.8,-45.6,-55.2,-58.8,19.2,28.999999999999996,0.0
2022-01-18,0.0,0.0,512.0,125,-31.2,-11.0,-25.6,-37.0,-33.6,11.0,41.0,0.0
2022-01-19,0.0,974.0,431.0,100,-26.4,-6.6,-15.6,-36.0,-32.4,10.2,50.0,974.0
2022-01-20,0.0,722.0,464.0,119,-33.6,-15.0,-32.0,-39.4,-34.2,12.6,49.0,722.0
2022-01-21,0.0,644.0,402.0,123,-34.6,-17.4,-36.8,-39.2,-32.8,12.2,46.0,644.0
2022-01-22,0.0,518.0,322.0,87,-32.6,-16.4,-24.0,-36.2,-18.8,6.2,31.0,518.0
2022-01-23,0.0,500.0,280.0,106,-32.8,-19.6,-22.4,-35.8,-18.0,5.4,21.0,500.0
2022-01-24,0.0,649.0,353.0,119,-30.8,-14.0,-29.0,-37.2,-32.6,11.0,23.0,649.0
2022-01-25,0.0,470.0,347.0,106,-27.4,-8.6,-18.6,-35.6,-31.8,10.2,21.0,470.0
2022-01-26,0.0,420.0,281.0,114,-29.2,-12.8,-28.6,-38.2,-32.2,10.6,18.999999999999996,420.0
2022-01-27,0.0,356.0,275.0,81,-26.2,-4.0,-22.8,-36.4,-31.8,10.0,18.999999999999996,356.0
2022-01-28,0.0,308.0,206.0,101,-31.4,2.6,-33.4,-36.8,-32.0,11.0,17.0,308.0
2022-01-29,513.0,65.0,140.0,83,-73.4,-60.2,-54.2,-63.0,-49.4,19.2,15.0,578.0
2022-01-30,0.0,225.0,144.0,87,-44.8,-31.2,-33.0,-38.8,-21.6,8.4,16.0,225.0
2022-01-31,0.0,279.0,207.0,94,-31.8,-15.2,-34.4,-35.8,-36.8,11.6,17.0,279.0
2022-02-01,0.0,252.0,177.0,76,-27.4,-9.8,-27.2,-36.2,-40.2,11.6,16.0,252.0
2022-02-02,0.0,236.0,162.0,91,-25.6,-6.6,-21.0,-31.4,-29.6,8.8,15.0,236.0
2022-02-03,0.0,185.0,142.0,75,-28.8,-9.2,-29.2,-33.0,-30.6,9.4,15.0,185.0
2022-02-04,0.0,152.0,151.0,53,-36.6,-18.0,-42.2,-37.8,-31.8,12.4,15.0,152.0
2022-02-05,946.0,154.0,117.0,51,-29.6,-13.8,-25.8,-32.0,-17.4,4.8,13.0,1100.0
2022-02-06,869.0,143.0,106.0,54,-30.4,-17.8,-24.6,-33.8,-17.4,4.4,12.0,1012.0
2022-02-07,0.0,187.0,103.0,39,-31.0,-14.6,-34.4,-34.4,-30.6,9.8,16.0,187.0
2022-02-08,0.0,149.0,128.0,57,-24.4,-5.6,-15.6,-31.0,-29.4,8.2,16.0,149.0
2022-02-09,0.0,144.0,114.0,50,-23.2,-6.4,-12.2,-31.4,-29.0,8.0,15.0,144.0
2022-02-10,0.0,123.0,87.0,46,-22.2,-3.4,-3.8,-29.4,-29.6,7.8,13.999999999999998,123.0
2022-02-11,983.0,106.0,106.0,42,-24.4,-5.6,-5.6,-30.8,-29.4,8.0,13.999999999999998,1089.0
2022-02-12,635.0,95.0,69.0,33,-19.8,-5.0,29.8,-22.8,-16.6,2.0,10.999999999999998,730.0
2022-02-13,458.0,76.0,55.0,45,-36.4,-19.2,-34.2,-34.2,-19.0,5.0,10.999999999999998,534.0
2022-02-14,0.0,108.0,77.0,23,-24.4,-8.2,-32.2,-32.8,-30.8,9.0,13.0,108.0
2022-02-15,941.0,110.0,73.0,26,-29.4,-12.8,-25.8,-33.0,-30.0,8.6,13.999999999999998,1051.0
2022-02-16,936.0,70.0,68.0,32,-25.2,-9.4,-17.6,-31.0,-28.8,8.0,13.999999999999998,1006.0
2022-02-17,833.0,115.0,72.0,40,-21.2,-5.2,3.6,-28.6,-28.6,7.2,13.999999999999998,948.0
2022-02-18,663.0,97.0,61.0,35,-29.2,-13.6,-24.8,-32.8,-30.0,8.8,13.0,760.0
2022-02-19,425.0,72.0,47.0,31,-30.6,-17.4,-21.8,-30.2,-18.6,4.4,10.999999999999998,497.0
2022-02-20,383.0,58.0,39.0,16,-28.4,-21.2,-19.6,-30.2,-18.8,3.2,12.0,441.0
2022-02-21,559.0,92.0,38.0,29,-22.6,-14.0,-0.4,-44.8,-57.0,13.6,13.0,651.0
2022-02-22,686.0,91.0,54.0,12,-31.2,-18.8,-29.2,-38.2,-39.8,10.6,13.0,777.0
2022-02-23,705.0,76.0,41.0,18,-21.8,-10.4,7.6,-34.4,-38.0,8.6,12.0,781.0
2022-02-24,660.0,77.0,43.0,19,-28.2,-12.6,-29.0,-37.0,-38.4,9.8,10.999999999999998,737.0
2022-02-25,539.0,37.0,44.0,17,-37.0,-22.8,-42.0,-42.2,-41.2,13.4,10.0,576.0
2022-02-26,337.0,75.0,29.0,6,-28.2,-15.6,-15.0,-29.0,-18.0,3.2,10.271604938271606,412.0
2022-02-27,361.0,68.0,29.0,18,-28.4,-18.6,-11.8,-29.0,-17.2,2.8,9.950617283950615,429.0
2022-02-28,706.0,100.0,51.0,7,-28.8,-14.0,-28.0,-33.8,-30.2,7.8,11.876543209876544,806.0
2022-03-01,611.0,78.0,43.0,20,-26.6,-9.8,-20.2,-31.0,-29.0,7.2,11.555555555555555,689.0
2022-03-02,643.0,106.0,42.0,20,-24.2,-9.2,-6.6,-30.8,-28.6,6.8,11.555555555555555,749.0
2022-03-03,587.0,84.0,40.0,9,-25.8,-11.0,-20.2,-32.2,-28.8,7.2,11.074074074074074,671.0
2022-03-04,461.0,69.0,39.0,13,-29.6,-13.4,-29.4,-33.8,-28.6,8.0,10.11111111111111,530.0
2022-03-05,317.0,54.0,26.0,12,-25.2,-13.6,-7.4,-27.4,-16.0,2.4,8.666666666666668,371.0
2022-03-06,340.0,71.0,20.0,8,-26.2,-18.2,2.6,-30.4,-17.4,2.8,9.308641975308642,411.0
2022-03-07,656.0,84.0,24.0,10,-26.6,-13.2,-9.4,-33.2,-28.6,7.6,12.037037037037036,740.0
2022-03-08,681.0,86.0,23.0,5,-27.6,-11.6,-20.2,-32.8,-28.0,6.8,10.91358024691358,767.0
2022-03-09,625.0,110.0,26.0,12,-37.8,-26.0,-44.6,-38.4,-29.6,9.4,10.11111111111111,735.0
2022-03-10,699.0,129.0,28.0,10,-25.6,-9.4,-16.8,-32.0,-27.6,6.8,10.271604938271606,828.0
2022-03-11,605.0,91.0,22.0,9,-27.6,-10.4,-16.0,-33.0,-28.0,6.6,9.308641975308642,696.0
2022-03-12,299.0,57.0,20.0,9,-43.0,-31.8,-50.2,-41.6,-20.8,7.2,8.987654320987653,356.0
2022-03-13,435.0,93.0,24.0,9,-31.2,-22.0,-31.4,-34.4,-18.2,3.8,9.148148148148149,528.0
2022-03-14,905.0,128.0,32.0,15,-27.4,-12.6,-11.4,-33.4,-29.6,7.4,13.0,1033.0
2022-03-15,847.0,110.0,29.0,10,-25.0,-11.2,4.4,-30.8,-28.2,6.4,13.962962962962964,957.0
2022-03-16,871.0,146.0,24.0,8,-22.4,-11.2,5.2,-31.6,-28.2,5.8,12.358024691358024,1017.0
2022-03-17,754.0,108.0,28.0,4,-30.2,-18.2,-30.0,-35.2,-31.2,8.6,11.555555555555555,862.0
2022-03-18,803.0,144.0,34.0,7,-22.8,-12.4,16.6,-31.0,-29.8,5.8,11.716049382716047,947.0
2022-03-19,448.0,120.0,22.0,5,-23.8,-15.4,20.4,-27.4,-16.4,1.6,10.271604938271606,568.0
2022-03-20,653.0,136.0,26.0,8,-25.8,-19.6,8.8,-27.8,-16.6,2.2,9.148148148148149,789.0
2022-03-21,0.0,204.0,27.0,3,-26.2,-13.6,-3.6,-32.4,-28.4,7.0,11.876543209876544,204.0
2022-03-22,0.0,199.0,30.0,5,-26.2,-13.2,-5.8,-32.2,-27.2,6.6,12.518518518518515,199.0
2022-03-23,0.0,195.0,22.0,4,-28.6,-15.8,-24.4,-34.6,-27.8,7.4,11.234567901234566,195.0
2022-03-24,0.0,197.0,24.0,5,-31.0,-18.0,-34.6,-36.2,-28.6,8.4,10.271604938271606,197.0
2022-03-25,0.0,210.0,37.0,5,-27.0,-13.0,-11.0,-31.6,-28.2,6.4,9.469135802469136,210.0
2022-03-26,678.0,158.0,25.0,4,-26.6,-17.2,-5.8,-28.2,-16.6,2.0,9.148148148148149,836.0
2022-03-27,775.0,162.0,22.0,6,-28.8,-20.8,-17.4,-31.4,-17.0,3.0,9.308641975308642,937.0
2022-03-28,0.0,254.0,31.0,4,-34.8,-22.0,-40.8,-38.0,-29.2,8.6,10.753086419753089,254.0
2022-03-29,0.0,246.0,29.0,5,-31.2,-16.6,-31.0,-35.2,-27.2,7.6,12.197530864197532,246.0
2022-03-30,0.0,245.0,41.0,5,-27.6,-14.4,-22.4,-34.0,-26.6,6.8,13.0,245.0
2022-03-31,0.0,264.0,43.0,3,-26.4,-12.0,-14.6,-33.0,-26.6,6.4,11.716049382716047,264.0
2022-04-01,0.0,260.0,34.0,5,-27.8,-13.2,-22.2,-33.0,-27.4,6.4,10.4320987654321,260.0
2022-04-02,877.0,187.0,29.0,2,-23.0,-13.0,16.8,-25.2,-15.4,0.6,9.950617283950615,1064.0
2022-04-03,904.0,231.0,25.0,4,-32.6,-23.0,-30.6,-33.8,-18.0,3.8,10.4320987654321,1135.0
2022-04-04,0.0,342.0,38.0,5,-27.2,-11.8,-11.0,-33.4,-27.4,6.6,13.0,342.0
2022-04-05,0.0,277.0,48.0,4,-27.6,-12.2,-13.8,-32.8,-26.6,6.4,12.679012345679013,277.0
2022-04-06,0.0,307.0,43.0,3,-31.8,-18.6,-31.6,-37.0,-28.2,8.0,12.037037037037036,307.0
2022-04-07,0.0,286.0,45.0,2,-34.8,-22.0,-38.4,-36.4,-28.2,8.2,13.48148148148148,286.0
2022-04-08,0.0,294.0,47.0,3,-22.2,-7.4,5.0,-29.8,-27.4,5.4,12.518518518518515,294.0
2022-04-09,0.0,259.0,42.0,6,-22.4,-13.0,10.0,-24.8,-15.0,1.4,12.358024691358024,259.0
2022-04-10,0.0,271.0,43.0,8,-23.4,-16.8,-0.4,-26.6,-15.6,2.0,12.679012345679013,271.0
2022-04-11,0.0,408.0,57.0,2,-23.0,-9.8,-1.8,-29.4,-27.6,6.2,16.049382716049383,408.0
2022-04-12,0.0,345.0,44.0,5,-22.8,-11.0,13.6,-29.2,-27.0,5.8,14.60493827160494,345.0
2022-04-13,0.0,396.0,49.0,3,-20.4,-8.6,14.0,-31.0,-27.0,5.6,13.320987654320987,396.0
2022-04-14,0.0,392.0,48.0,7,-19.8,-8.2,11.0,-30.8,-29.0,5.6,13.48148148148148,392.0
2022-04-15,0.0,372.0,54.0,6,-24.4,-9.4,10.8,-39.2,-45.6,9.4,13.320987654320987,372.0
2022-04-16,0.0,339.0,41.0,4,-24.4,-11.4,28.8,-27.0,-19.2,2.0,12.037037037037036,339.0
2022-04-17,966.0,297.0,50.0,4,-36.8,-24.0,8.4,-30.4,-27.6,1.0,10.91358024691358,1263.0
2022-04-18,0.0,449.0,59.0,3,-29.6,-20.0,-23.6,-40.0,-42.4,9.8,14.444444444444446,449.0
2022-04-19,0.0,426.0,62.0,5,-29.2,-18.8,-26.2,-39.0,-39.8,9.6,14.444444444444446,426.0
2022-04-20,0.0,404.0,45.0,1,-22.4,-14.4,10.0,-35.4,-38.4,7.6,12.839506172839506,404.0
2022-04-21,0.0,401.0,60.0,4,-24.6,-14.2,-7.8,-36.6,-39.0,8.2,12.197530864197532,401.0
2022-04-22,0.0,440.0,85.0,7,-23.8,-16.0,18.6,-35.0,-40.0,7.8,11.716049382716047,440.0
2022-04-23,0.0,393.0,56.0,3,-23.4,-16.2,27.4,-24.0,-17.2,0.6,11.074074074074074,393.0
2022-04-24,0.0,413.0,49.0,4,-23.0,-18.0,32.2,-25.2,-17.0,0.8,10.4320987654321,413.0
2022-04-25,0.0,662.0,66.0,4,-28.0,-14.4,-15.4,-32.2,-27.6,6.8,12.679012345679013,662.0
2022-04-26,0.0,541.0,71.0,7,-27.0,-14.6,-14.2,-30.8,-26.4,6.6,13.0,541.0
2022-04-27,0.0,523.0,88.0,4,-23.6,-12.6,-12.2,-29.8,-25.8,5.6,12.518518518518515,523.0
2022-04-28,0.0,502.0,77.0,5,-23.4,-11.0,-11.8,-30.0,-26.2,5.6,12.197530864197532,502.0
2022-04-29,0.0,489.0,77.0,4,-23.6,-11.2,-3.4,-29.8,-27.4,5.4,10.592592592592592,489.0
2022-04-30,0.0,445.0,70.0,5,-19.2,-11.8,44.8,-20.4,-14.4,-0.6,10.91358024691358,445.0
2022-05-01,0.0,490.0,62.0,4,-19.4,-15.0,51.6,-13.2,-15.4,0.4,10.271604938271606,490.0
2022-05-02,0.0,698.0,68.0,6,-29.2,-16.8,-32.6,-38.0,-38.8,10.0,13.48148148148148,698.0
2022-05-03,0.0,738.0,90.0,6,-21.4,-7.4,1.4,-27.8,-26.0,5.4,12.037037037037036,738.0
2022-05-04,0.0,761.0,86.0,4,-24.6,-12.2,-11.8,-31.2,-26.4,6.4,12.037037037037036,761.0
2022-05-05,0.0,717.0,102.0,5,-15.6,-4.8,21.0,-27.2,-26.0,3.8,13.160493827160494,717.0
2022-05-06,0.0,620.0,87.0,6,-30.4,-18.2,-42.2,-34.0,-29.2,7.8,13.320987654320987,620.0
2022-05-07,0.0,511.0,77.0,7,-31.6,-21.0,-43.2,-35.0,-19.2,4.0,13.48148148148148,511.0
2022-05-08,0.0,571.0,67.0,6,-18.4,-13.0,-7.2,-25.6,-16.6,0.4,12.358024691358024,571.0
2022-05-09,0.0,967.0,101.0,8,-22.4,-10.8,6.2,-30.0,-27.8,5.8,16.049382716049383,967.0
2022-05-10,0.0,815.0,103.0,3,-20.2,-8.6,15.8,-28.2,-26.2,4.8,16.049382716049383,815.0
2022-05-11,0.0,839.0,103.0,11,-20.4,-9.8,13.0,-29.0,-26.2,4.6,15.567901234567902,839.0
2022-05-12,0.0,747.0,98.0,11,-20.0,-8.2,19.6,-28.2,-26.2,4.6,15.407407407407408,747.0
2022-05-13,0.0,743.0,123.0,4,-26.2,-13.8,-10.2,-31.2,-28.2,6.0,14.28395061728395,743.0
2022-05-14,0.0,659.0,105.0,13,-24.8,-17.4,11.4,-25.0,-16.6,1.0,14.765432098765432,659.0
2022-05-15,0.0,727.0,84.0,11,-18.0,-15.2,61.8,-22.4,-15.2,0.0,13.11711711711712,727.0
2022-05-16,0.0,0.0,123.0,7,-26.6,-15.2,-10.0,-32.4,-28.8,7.2,15.615615615615615,0.0
2022-05-17,0.0,932.0,122.0,7,-18.8,-8.6,25.8,-26.6,-26.0,4.4,20.82082082082082,932.0
2022-05-18,0.0,976.0,108.0,8,-18.2,-10.0,19.8,-27.8,-26.6,4.4,17.905905905905907,976.0
2022-05-19,0.0,787.0,77.0,5,-23.2,-12.6,-3.4,-30.4,-28.4,5.6,17.489489489489493,787.0
2022-05-20,0.0,745.0,128.0,10,-26.8,-16.0,-10.6,-30.4,-28.6,6.2,15.615615615615615,745.0
2022-05-21,0.0,596.0,132.0,14,-18.8,-13.6,77.8,-15.8,-16.4,-1.6,14.15815815815816,596.0
2022-05-22,0.0,677.0,111.0,6,-18.8,-16.4,60.4,-21.0,-16.6,-0.2,13.11711711711712,677.0
2022-05-23,0.0,988.0,134.0,12,-20.4,-10.8,13.2,-29.4,-28.4,5.8,14.990990990990994,988.0
2022-05-24,0.0,859.0,108.0,14,-21.6,-11.2,7.2,-28.4,-27.0,5.6,14.366366366366368,859.0
2022-05-25,0.0,778.0,133.0,11,-18.4,-9.8,16.8,-28.2,-27.0,4.6,12.492492492492492,778.0
2022-05-26,0.0,721.0,117.0,6,-18.4,-8.4,18.4,-28.2,-28.2,4.4,12.908908908908913,721.0
2022-05-27,0.0,256.0,90.0,8,-25.8,-13.8,-10.4,-31.6,-31.6,6.4,12.076076076076076,256.0
2022-05-28,0.0,209.0,70.0,8,-25.2,-15.6,19.4,-27.0,-20.8,0.8,10.202202202202203,209.0
2022-05-29,0.0,502.0,87.0,13,-17.2,-15.6,80.8,-17.6,-18.4,-3.2,10.826826826826826,502.0
2022-05-30,0.0,503.0,95.0,5,-24.2,-19.8,61.2,-50.0,-69.6,12.6,11.867867867867869,503.0
2022-05-31,0.0,862.0,120.0,8,-21.6,-10.6,18.8,-28.0,-28.8,4.6,12.908908908908913,862.0
2022-06-01,0.0,742.0,105.0,10,-22.2,-11.0,-5.8,-28.8,-27.2,5.6,13.325325325325329,742.0
2022-06-02,0.0,596.0,115.0,13,-22.0,-10.2,-2.8,-28.6,-27.8,5.4,11.65965965965966,596.0
2022-06-03,0.0,561.0,94.0,10,-21.4,-9.4,10.8,-27.4,-28.6,4.8,10.41041041041041,561.0
2022-06-04,0.0,472.0,65.0,10,-19.4,-11.8,78.8,-18.4,-14.8,-1.2,9.161161161161164,472.0
2022-06-05,0.0,512.0,78.0,12,-19.8,-16.0,76.2,-20.8,-18.6,-0.8,9.785785785785787,512.0
2022-06-06,0.0,672.0,117.0,15,-21.6,-10.8,17.4,-29.8,-31.4,5.2,10.826826826826826,672.0
2022-06-07,0.0,596.0,90.0,9,-21.8,-12.4,6.4,-28.4,-29.0,5.8,10.41041041041041,596.0
2022-06-08,0.0,601.0,123.0,16,-18.8,-8.8,25.6,-27.0,-26.6,4.2,9.993993993993994,601.0
2022-06-09,0.0,556.0,114.0,11,-18.8,-10.0,18.0,-30.6,-34.0,6.4,9.369369369369371,556.0
2022-06-10,0.0,500.0,102.0,12,-20.2,-10.2,20.4,-26.8,-28.6,4.0,11.65965965965966,500.0
2022-06-11,0.0,408.0,89.0,13,-21.0,-14.6,48.0,-19.2,-15.8,-0.6,9.161161161161164,408.0
2022-06-12,0.0,399.0,78.0,13,-23.2,-18.4,16.0,-25.0,-17.0,1.4,7.703703703703704,399.0
2022-06-13,0.0,632.0,122.0,6,-20.6,-10.4,15.6,-28.0,-28.4,5.6,9.57757757757758,632.0
2022-06-14,0.0,583.0,116.0,5,-18.4,-9.4,26.4,-26.0,-26.8,4.4,9.369369369369371,583.0
2022-06-15,0.0,669.0,130.0,6,-16.6,-9.6,28.2,-26.8,-28.4,4.6,10.202202202202203,669.0
2022-06-16,0.0,530.0,128.0,13,-20.2,-11.0,1.0,-29.0,-30.4,5.8,9.161161161161164,530.0
2022-06-17,0.0,518.0,109.0,8,-20.2,-10.2,23.2,-28.4,-31.2,5.0,8.744744744744747,518.0
2022-06-18,0.0,494.0,83.0,7,-20.2,-10.6,47.8,-17.4,-16.8,-1.4,8.32832832832833,494.0
2022-06-19,0.0,450.0,95.0,3,-17.4,-15.2,70.0,-17.0,-17.6,-2.4,7.911911911911913,450.0
2022-06-20,0.0,660.0,117.0,10,-18.6,-13.4,27.6,-39.8,-51.4,9.6,9.785785785785787,660.0
2022-06-21,0.0,674.0,137.0,11,-21.8,-12.8,5.0,-28.0,-30.0,5.8,9.993993993993994,674.0
2022-06-22,0.0,606.0,137.0,8,-22.6,-14.4,-12.6,-30.2,-31.0,6.8,9.993993993993994,606.0
2022-06-23,0.0,646.0,115.0,10,-16.0,-7.0,18.6,-27.4,-31.2,5.0,8.952952952952954,646.0
2022-06-24,0.0,613.0,147.0,14,-18.8,-11.4,23.8,-27.6,-33.6,5.0,8.744744744744747,613.0
2022-06-25,0.0,499.0,102.0,12,-21.0,-13.6,79.2,-16.0,-16.6,-2.0,8.32832832832833,499.0
2022-06-26,0.0,542.0,119.0,8,-18.6,-15.6,75.8,-14.4,-16.0,-1.8,8.32832832832833,542.0
2022-06-27,0.0,898.0,136.0,13,-24.0,-17.4,-17.0,-31.6,-33.8,7.6,9.993993993993994,898.0
2022-06-28,0.0,734.0,125.0,11,-16.6,-9.6,34.4,-27.4,-35.8,5.4,9.57757757757758,734.0
2022-06-29,0.0,803.0,142.0,10,-17.8,-12.0,33.0,-29.4,-35.6,5.8,10.61861861861862,803.0
2022-06-30,0.0,729.0,162.0,9,-17.8,-9.0,28.8,-29.6,-37.0,5.6,10.826826826826826,729.0
2022-07-01,0.0,828.0,140.0,9,-22.8,-10.6,16.4,-31.8,-40.2,6.4,9.993993993993994,828.0
2022-07-02,0.0,645.0,120.0,10,-25.6,-13.2,31.4,-24.4,-21.2,0.8,8.744744744744747,645.0
2022-07-03,0.0,665.0,129.0,14,-21.8,-15.6,72.2,-16.2,-20.6,-2.8,10.41041041041041,665.0
2022-07-04,0.0,588.0,119.0,13,-34.2,-24.8,83.6,-49.2,-74.2,12.0,9.161161161161164,588.0
2022-07-05,0.0,0.0,170.0,11,-26.6,-14.2,-2.0,-31.4,-40.8,7.2,10.826826826826826,0.0
2022-07-06,0.0,954.0,185.0,5,-21.2,-10.2,23.0,-30.0,-37.0,6.0,11.243243243243244,954.0
2022-07-07,0.0,924.0,191.0,8,-20.4,-8.6,21.8,-30.0,-37.0,5.6,11.867867867867869,924.0
2022-07-08,0.0,917.0,165.0,5,-26.8,-14.4,-2.6,-32.8,-39.0,7.4,12.076076076076076,917.0
2022-07-09,0.0,697.0,141.0,15,-23.8,-15.0,71.2,-20.0,-18.8,-1.0,11.451451451451453,697.0
2022-07-10,0.0,748.0,149.0,7,-23.0,-18.2,75.6,-19.0,-18.8,-1.6,10.202202202202203,748.0
2022-07-11,0.0,0.0,206.0,7,-23.0,-12.6,20.4,-29.8,-38.6,6.4,12.492492492492492,0.0
2022-07-12,0.0,937.0,200.0,14,-22.4,-13.6,17.4,-29.2,-36.6,6.2,12.492492492492492,937.0
2022-07-13,0.0,973.0,184.0,13,-21.2,-13.2,26.4,-29.0,-36.0,5.4,11.65965965965966,973.0
2022-07-14,0.0,899.0,179.0,15,-21.6,-10.4,24.8,-29.2,-36.6,5.8,10.41041041041041,899.0
2022-07-15,0.0,828.0,188.0,12,-26.0,-15.2,20.4,-32.6,-39.0,7.2,10.826826826826826,828.0
2022-07-16,0.0,657.0,157.0,7,-26.8,-18.0,48.4,-20.2,-18.8,-0.2,9.369369369369371,657.0
2022-07-17,0.0,706.0,156.0,19,-23.8,-18.4,59.2,-20.0,-18.2,-0.2,10.202202202202203,706.0
2022-07-18,0.0,0.0,206.0,14,-30.0,-21.0,-12.2,-34.6,-40.2,12.6,11.243243243243244,0.0
2022-07-19,0.0,977.0,195.0,12,-22.2,-12.2,25.4,-28.2,-36.4,11.0,11.451451451451453,977.0
2022-07-20,0.0,923.0,194.0,15,-23.6,-15.0,19.0,-30.2,-36.2,6.4,11.451451451451453,923.0
2022-07-21,0.0,804.0,190.0,16,-24.4,-14.6,11.8,-31.2,-37.0,6.8,13.74174174174174,804.0
2022-07-22,0.0,862.0,156.0,19,-26.2,-13.6,10.4,-32.0,-38.6,6.8,10.826826826826826,862.0
2022-07-23,0.0,716.0,147.0,21,-26.6,-16.4,57.2,-21.6,-18.6,-0.2,9.369369369369371,716.0
2022-07-24,0.0,676.0,128.0,17,-28.0,-21.6,47.0,-25.4,-19.2,0.4,9.57757757757758,676.0
2022-07-25,0.0,934.0,201.0,18,-28.4,-17.6,-8.6,-34.4,-39.0,9.0,11.451451451451453,934.0
2022-07-26,0.0,897.0,166.0,13,-20.2,-8.4,24.4,-27.8,-35.6,5.8,10.41041041041041,897.0
2022-07-27,0.0,872.0,174.0,15,-20.8,-11.6,23.8,-29.2,-35.2,6.0,9.785785785785787,872.0
2022-07-28,0.0,716.0,143.0,14,-22.2,-10.6,16.0,-30.6,-36.2,6.4,9.993993993993994,716.0
2022-07-29,0.0,696.0,149.0,16,-24.8,-10.6,6.4,-31.4,-38.4,7.0,8.744744744744747,696.0
2022-07-30,0.0,564.0,133.0,16,-24.2,-14.2,67.4,-18.0,-17.6,-1.4,8.952952952952954,564.0
2022-07-31,0.0,631.0,139.0,13,-24.2,-17.6,63.8,-18.6,-17.4,-1.0,9.161161161161164,631.0
2022-08-01,0.0,898.0,165.0,14,-25.8,-13.6,-7.2,-33.2,-38.8,7.6,9.61921921921922,898.0
2022-08-02,0.0,794.0,163.0,15,-21.8,-10.6,25.4,-30.0,-35.4,6.4,8.932132132132134,794.0
2022-08-03,0.0,389.0,173.0,10,-20.2,-10.4,23.0,-30.0,-35.6,6.2,8.35955955955956,389.0
2022-08-04,0.0,676.0,154.0,14,-22.8,-11.4,19.8,-30.6,-36.4,6.2,8.130530530530532,676.0
2022-08-05,0.0,605.0,177.0,16,-25.8,-12.4,6.6,-33.0,-39.2,7.2,8.932132132132134,605.0
2022-08-06,0.0,521.0,115.0,17,-24.8,-15.8,50.4,-20.6,-19.0,-0.4,7.557957957957958,521.0
2022-08-07,0.0,453.0,121.0,16,-27.2,-19.6,45.8,-23.6,-20.4,0.2,7.786986986986988,453.0
2022-08-08,0.0,802.0,159.0,19,-25.2,-14.4,6.0,-33.2,-38.6,7.4,8.016016016016017,802.0
2022-08-09,0.0,649.0,165.0,20,-24.8,-14.6,7.0,-30.6,-36.4,7.0,8.016016016016017,649.0
2022-08-10,0.0,708.0,155.0,10,-21.4,-10.4,19.2,-30.6,-35.6,6.0,7.32892892892893,708.0
2022-08-11,0.0,632.0,153.0,9,-22.6,-10.2,14.4,-30.6,-36.6,6.2,8.130530530530532,632.0
2022-08-12,0.0,584.0,144.0,12,-25.0,-12.4,17.0,-31.2,-38.4,6.0,8.130530530530532,584.0
2022-08-13,0.0,426.0,93.0,15,-24.6,-14.8,69.2,-18.4,-18.0,-1.4,7.32892892892893,426.0
2022-08-14,0.0,420.0,108.0,14,-24.6,-18.4,65.4,-18.2,-18.4,-0.6,7.557957957957958,420.0
2022-08-15,0.0,636.0,145.0,12,-23.0,-14.4,14.6,-32.6,-39.6,9.2,7.901501501501504,636.0
2022-08-16,0.0,586.0,141.0,14,-21.2,-12.0,23.2,-29.8,-37.4,8.4,8.817617617617618,586.0
2022-08-17,0.0,554.0,144.0,19,-22.0,-13.8,13.6,-30.8,-37.4,9.0,8.130530530530532,554.0
2022-08-18,0.0,536.0,128.0,15,-20.4,-10.8,22.8,-29.4,-38.2,8.8,7.901501501501504,536.0
2022-08-19,0.0,524.0,123.0,10,-24.8,-13.8,16.4,-31.0,-39.6,9.0,7.443443443443444,524.0
2022-08-20,0.0,406.0,109.0,21,-25.4,-16.8,59.6,-17.2,-18.4,0.6,8.130530530530532,406.0
2022-08-21,0.0,423.0,102.0,14,-24.2,-19.2,53.4,-18.4,-18.0,0.4,7.443443443443444,423.0
2022-08-22,0.0,596.0,147.0,16,-28.2,-19.8,-14.4,-35.2,-42.0,11.6,7.32892892892893,596.0
2022-08-23,0.0,538.0,128.0,11,-21.0,-12.0,20.8,-29.8,-39.0,9.0,7.32892892892893,538.0
2022-08-24,0.0,531.0,140.0,16,-21.6,-13.2,26.0,-30.4,-38.6,8.6,7.557957957957958,531.0
2022-08-25,0.0,475.0,123.0,12,-21.8,-11.8,25.2,-29.6,-39.0,8.2,7.214414414414416,475.0
2022-08-26,0.0,400.0,133.0,18,-28.2,-16.0,1.4,-32.8,-40.4,9.6,6.985385385385387,400.0
2022-08-27,0.0,305.0,106.0,13,-25.2,-16.6,62.6,-18.4,-18.0,0.4,6.641841841841842,305.0
2022-08-28,0.0,338.0,91.0,14,-24.4,-20.0,52.2,-19.2,-18.2,0.4,6.756356356356356,338.0
2022-08-29,0.0,574.0,144.0,4,-24.4,-16.0,18.4,-31.4,-40.8,8.2,8.016016016016017,574.0
2022-08-30,0.0,463.0,138.0,14,-22.8,-14.0,22.0,-29.4,-38.4,7.2,7.557957957957958,463.0
2022-08-31,0.0,473.0,100.0,12,-20.6,-13.4,24.8,-29.6,-38.6,6.0,8.130530530530532,473.0
2022-09-01,0.0,451.0,110.0,11,-18.4,-9.4,30.2,-28.2,-39.2,5.2,6.412812812812814,451.0
2022-09-02,0.0,378.0,117.0,12,-22.2,-11.0,21.6,-31.4,-41.0,6.0,6.5273273273273285,378.0
2022-09-03,927.0,308.0,85.0,9,-22.0,-15.0,60.8,-17.6,-20.8,-1.8,6.412812812812814,1235.0
2022-09-04,960.0,330.0,78.0,18,-21.8,-19.4,60.6,-16.8,-19.2,-2.2,6.412812812812814,1290.0
2022-09-05,993.0,318.0,92.0,10,-26.8,-23.2,21.6,-49.8,-71.0,15.2,7.214414414414416,1311.0
2022-09-06,0.0,476.0,117.0,8,-32.2,-21.8,-31.0,-33.6,-40.6,8.4,6.985385385385387,476.0
2022-09-07,0.0,427.0,103.0,11,-18.8,-6.8,4.4,-27.8,-36.4,5.8,7.214414414414416,427.0
2022-09-08,0.0,412.0,108.0,13,-18.4,-5.8,23.4,-23.0,-36.4,4.0,7.6724724724724735,412.0
2022-09-09,0.0,374.0,99.0,12,-23.0,-11.4,19.4,-25.2,-36.2,4.4,6.870870870870872,374.0
2022-09-10,0.0,338.0,90.0,9,-20.8,-13.0,63.8,-14.4,-16.0,-0.8,6.298298298298299,338.0
2022-09-11,945.0,303.0,96.0,10,-26.8,-19.6,1.2,-22.6,-16.8,2.2,5.954754754754756,1248.0
2022-09-12,0.0,518.0,114.0,9,-23.2,-11.6,4.0,-24.4,-36.0,5.0,7.214414414414416,518.0
2022-09-13,0.0,453.0,124.0,13,-22.8,-10.8,10.4,-22.0,-35.0,4.6,7.214414414414416,453.0
2022-09-14,0.0,489.0,118.0,9,-20.2,-9.0,17.6,-23.2,-34.2,3.8,7.901501501501504,489.0
2022-09-15,0.0,436.0,108.0,13,-19.8,-8.0,15.8,-23.2,-34.6,3.4,7.443443443443444,436.0
2022-09-16,0.0,418.0,86.0,19,-23.4,-11.2,9.0,-25.0,-35.4,4.2,7.443443443443444,418.0
2022-09-17,0.0,321.0,82.0,10,-21.0,-13.2,53.0,-15.8,-16.6,-1.2,6.870870870870872,321.0
2022-09-18,0.0,362.0,93.0,14,-21.2,-15.4,51.2,-16.0,-17.0,-0.6,7.32892892892893,362.0
2022-09-19,0.0,627.0,92.0,11,-27.2,-16.2,-4.6,-25.2,-36.0,6.0,8.58858858858859,627.0
2022-09-20,0.0,535.0,124.0,8,-21.8,-10.2,14.0,-22.6,-34.0,3.8,8.130530530530532,535.0
2022-09-21,0.0,543.0,122.0,14,-20.8,-11.0,18.2,-23.4,-34.0,3.8,8.130530530530532,543.0
2022-09-22,0.0,408.0,103.0,10,-25.8,-15.0,-13.0,-26.6,-35.4,6.0,7.443443443443444,408.0
2022-09-23,0.0,404.0,118.0,7,-23.6,-12.4,-7.8,-26.0,-34.8,5.0,7.443443443443444,404.0
2022-09-24,992.0,286.0,89.0,4,-22.4,-14.4,37.6,-16.8,-18.0,-0.6,6.5273273273273285,1278.0
2022-09-25,0.0,305.0,118.0,6,-25.8,-19.2,13.0,-21.4,-19.4,0.4,6.641841841841842,305.0
2022-09-26,0.0,527.0,137.0,8,-25.0,-15.8,3.6,-33.8,-43.6,8.8,7.443443443443444,527.0
2022-09-27,0.0,493.0,134.0,9,-23.4,-13.0,8.4,-31.2,-40.4,7.0,7.6724724724724735,493.0
2022-09-28,0.0,491.0,135.0,6,-22.6,-11.8,4.6,-25.0,-31.6,4.6,6.985385385385387,491.0
2022-09-29,0.0,443.0,111.0,11,-21.2,-9.4,5.0,-24.8,-31.4,4.6,6.985385385385387,443.0
2022-09-30,0.0,387.0,125.0,16,-23.6,-9.8,-7.2,-26.2,-31.8,4.8,6.06926926926927,387.0
2022-10-01,890.0,261.0,106.0,7,-30.8,-20.2,-28.2,-29.8,-20.4,3.8,6.298298298298299,1151.0
2022-10-02,951.0,300.0,107.0,8,-32.0,-24.0,-34.2,-30.8,-19.0,3.8,5.611211211211212,1251.0
2022-10-03,0.0,470.0,124.0,9,-29.6,-18.2,-35.6,-29.6,-32.6,6.8,6.298298298298299,470.0
2022-10-04,0.0,372.0,147.0,6,-30.2,-16.2,-34.6,-31.4,-34.0,7.6,6.756356356356356,372.0
2022-10-05,0.0,447.0,139.0,15,-26.4,-14.6,-27.0,-36.0,-42.2,10.0,6.985385385385387,447.0
2022-10-06,0.0,419.0,131.0,14,-19.4,-5.6,13.2,-22.6,-28.4,3.4,6.985385385385387,419.0
2022-10-07,0.0,400.0,124.0,12,-23.4,-11.2,6.6,-25.6,-31.2,4.0,6.870870870870872,400.0
2022-10-08,957.0,339.0,90.0,13,-22.8,-14.2,26.4,-16.8,-17.2,-0.8,6.183783783783785,1296.0
2022-10-09,977.0,307.0,86.0,12,-22.8,-18.8,21.2,-15.8,-17.8,-0.6,6.412812812812814,1284.0
2022-10-10,0.0,448.0,110.0,15,-24.8,-17.4,-0.6,-41.4,-52.4,11.4,6.756356356356356,448.0
2022-10-11,0.0,522.0,99.0,17,-24.2,-12.4,5.6,-26.0,-31.8,5.0,7.099899899899902,522.0
2022-10-12,0.0,523.0,107.0,8,-22.8,-11.4,6.0,-25.6,-30.2,4.6,7.214414414414416,523.0
2022-10-13,0.0,460.0,125.0,14,-29.0,-16.8,-22.2,-28.0,-31.0,6.4,7.32892892892893,460.0
2022-10-14,0.0,438.0,117.0,13,-23.4,-10.2,-1.0,-25.2,-30.8,5.0,6.5273273273273285,438.0
2022-10-15,0.0,352.0,102.0,7,-21.6,-12.6,37.4,-15.6,-16.2,-0.8,6.298298298298299,352.0
