date,trend_covid_topic
2020-01-01,0.0
2020-01-02,0.0
2020-01-03,0.0
2020-01-04,0.0
2020-01-05,0.0
2020-01-06,0.0
2020-01-07,0.0
2020-01-08,0.0
2020-01-09,0.0
2020-01-10,0.0
2020-01-11,0.0
2020-01-12,0.0
2020-01-13,0.0
2020-01-14,0.0
2020-01-15,0.0
2020-01-16,0.0
2020-01-17,0.0
2020-01-18,0.0
2020-01-19,0.0
2020-01-20,0.0
2020-01-21,0.0
2020-01-22,0.0
2020-01-23,0.0
2020-01-24,0.0
2020-01-25,0.0
2020-01-26,0.0
2020-01-27,0.0
2020-01-28,0.0
2020-01-29,0.0
2020-01-30,0.0
2020-01-31,0.0
2020-02-01,0.0
2020-02-02,0.0
2020-02-03,0.0
2020-02-04,0.0
2020-02-05,0.0
2020-02-06,0.0
2020-02-07,0.0
2020-02-08,0.0
2020-02-09,0.0
2020-02-10,0.0
2020-02-11,0.0
2020-02-12,0.0
2020-02-13,0.0
2020-02-14,0.0
2020-02-15,0.3915120194189962
2020-02-16,0.0
2020-02-17,0.0
2020-02-18,0.3915120194189962
2020-02-19,0.3915120194189962
2020-02-20,0.3915120194189962
2020-02-21,0.3915120194189962
2020-02-22,0.3915120194189962
2020-02-23,0.3915120194189962
2020-02-24,0.7830240388379924
2020-02-25,0.7830240388379924
2020-02-26,1.1745360582569886
2020-02-27,1.5660480776759849
2020-02-28,1.5660480776759849
2020-02-29,1.1745360582569886
2020-03-01,1.5660480776759849
2020-03-02,2.7405841359329735
2020-03-03,2.7405841359329735
2020-03-04,3.915120194189962
2020-03-05,5.481168271865947
2020-03-06,5.481168271865947
2020-03-07,5.872680291284943
2020-03-08,5.872680291284943
2020-03-09,11.745360582569885
2020-03-10,21.141649048625794
2020-03-11,16.835016835016837
2020-03-12,20.750137029206797
2020-03-13,19.18408895153081
2020-03-14,20.750137029206797
2020-03-15,23.49072116513977
2020-03-16,30.146425495262708
2020-03-17,29.363401456424715
2020-03-18,29.363401456424715
2020-03-19,33.670033670033675
2020-03-20,36.410617805966645
2020-03-21,35.236081747709655
2020-03-22,39.151201941899615
2020-03-23,38.759689922480625
2020-03-24,35.62759376712865
2020-03-25,37.97666588364263
2020-03-26,39.30178348783
2020-03-27,35.91369870439639
2020-03-28,42.0122513145769
2020-03-29,44.04510218463707
2020-03-30,46.07795305469725
2020-03-31,44.04510218463707
2020-04-01,45.40033609801052
2020-04-02,44.72271914132379
2020-04-03,45.40033609801052
2020-04-04,40.657017401203454
2020-04-05,51.49888870819104
2020-04-06,49.466037838130866
2020-04-07,44.72271914132379
2020-04-08,43.36748522795035
2020-04-09,42.0122513145769
2020-04-10,35.91369870439639
2020-04-11,37.26893261776983
2020-04-12,37.26893261776983
2020-04-13,37.946549574456554
2020-04-14,39.30178348783
2020-04-15,50.82127175150431
2020-04-16,52.17650566487776
2020-04-17,43.36748522795035
2020-04-18,48.78842088144414
2020-04-19,49.466037838130866
2020-04-20,67.76169566867243
2020-04-21,48.78842088144414
2020-04-22,30.49276305090259
2020-04-23,29.815146094215866
2020-04-24,24.39421044072207
2020-04-25,24.39421044072207
2020-04-26,25.74944435409552
2020-04-27,28.459912180842416
2020-04-28,26.42706131078224
2020-04-29,25.74944435409552
2020-04-30,25.74944435409552
2020-05-01,21.00612565728845
2020-05-02,21.00612565728845
2020-05-03,23.038976527348623
2020-05-04,22.361359570661897
2020-05-05,23.038976527348623
2020-05-06,23.716593484035347
2020-05-07,24.39421044072207
2020-05-08,21.683742613975173
2020-05-09,23.038976527348623
2020-05-10,20.328508700601727
2020-05-11,24.39421044072207
2020-05-12,25.071827397408796
2020-05-13,24.39421044072207
2020-05-14,23.716593484035347
2020-05-15,21.00612565728845
2020-05-16,21.00612565728845
2020-05-17,21.683742613975173
2020-05-18,23.038976527348623
2020-05-19,23.038976527348623
2020-05-20,23.038976527348623
2020-05-21,22.361359570661897
2020-05-22,17.618040873854827
2020-05-23,19.650891743915
2020-05-24,20.328508700601727
2020-05-25,20.328508700601727
2020-05-26,21.683742613975173
2020-05-27,20.328508700601727
2020-05-28,16.940423917168108
2020-05-29,17.618040873854827
2020-05-30,16.26280696048138
2020-05-31,15.585190003794654
2020-06-01,16.26280696048138
2020-06-02,14.229956090421208
2020-06-03,14.229956090421208
2020-06-04,14.229956090421208
2020-06-05,14.907573047107933
2020-06-06,13.552339133734481
2020-06-07,13.552339133734481
2020-06-08,15.585190003794654
2020-06-09,16.940423917168108
2020-06-10,16.26280696048138
2020-06-11,16.26280696048138
2020-06-12,18.168604651162795
2020-06-13,16.305158020274302
2020-06-14,17.70274299344067
2020-06-15,20.497912939773407
2020-06-16,19.100327966607036
2020-06-17,19.100327966607036
2020-06-18,15.83929636255218
2020-06-19,18.168604651162795
2020-06-20,18.168604651162795
2020-06-21,17.23688133571855
2020-06-22,20.032051282051285
2020-06-23,20.032051282051285
2020-06-24,20.96377459749553
2020-06-25,22.361359570661897
2020-06-26,24.224806201550393
2020-06-27,21.895497912939778
2020-06-28,22.827221228384023
2020-06-29,23.75894454382827
2020-06-30,20.96377459749553
2020-07-01,23.75894454382827
2020-07-02,20.96377459749553
2020-07-03,21.895497912939778
2020-07-04,19.100327966607036
2020-07-05,19.566189624329162
2020-07-06,23.293082886106145
2020-07-07,24.224806201550393
2020-07-08,22.361359570661897
2020-07-09,20.032051282051285
2020-07-10,21.895497912939778
2020-07-11,20.032051282051285
2020-07-12,21.895497912939778
2020-07-13,25.622391174716764
2020-07-14,26.08825283243888
2020-07-15,25.156529516994635
2020-07-16,25.622391174716764
2020-07-17,22.827221228384023
2020-07-18,22.827221228384023
2020-07-19,22.827221228384023
2020-07-20,26.08825283243888
2020-07-21,26.08825283243888
2020-07-22,23.293082886106145
2020-07-23,21.895497912939778
2020-07-24,22.361359570661897
2020-07-25,21.429636255217655
2020-07-26,21.895497912939778
2020-07-27,25.622391174716764
2020-07-28,27.48583780560525
2020-07-29,26.08825283243888
2020-07-30,24.690667859272512
2020-07-31,25.622391174716764
2020-08-01,21.895497912939778
2020-08-02,22.361359570661897
2020-08-03,23.75894454382827
2020-08-04,21.429636255217655
2020-08-05,46.58616577221229
2020-08-06,23.293082886106145
2020-08-07,20.497912939773407
2020-08-08,16.305158020274302
2020-08-09,18.634466308884917
2020-08-10,20.032051282051285
2020-08-11,22.361359570661897
2020-08-12,19.566189624329162
2020-08-13,19.566189624329162
2020-08-14,20.032051282051285
2020-08-15,16.771019677996424
2020-08-16,18.634466308884917
2020-08-17,20.497912939773407
2020-08-18,20.032051282051285
2020-08-19,20.497912939773407
2020-08-20,17.23688133571855
2020-08-21,19.100327966607036
2020-08-22,17.70274299344067
2020-08-23,18.634466308884917
2020-08-24,20.497912939773407
2020-08-25,20.032051282051285
2020-08-26,17.70274299344067
2020-08-27,15.373434704830055
2020-08-28,17.23688133571855
2020-08-29,14.886397517211472
2020-08-30,18.507413129506155
2020-08-31,20.92142353770261
2020-09-01,19.31208326557164
2020-09-02,16.495737789342442
2020-09-03,16.898072857375183
2020-09-04,16.898072857375183
2020-09-05,14.081727381145987
2020-09-06,15.288732585244217
2020-09-07,16.093402721309698
2020-09-08,18.105078061473414
2020-09-09,18.507413129506155
2020-09-10,16.495737789342442
2020-09-11,16.495737789342442
2020-09-12,13.679392313113246
2020-09-13,16.093402721309698
2020-09-14,19.31208326557164
2020-09-15,18.105078061473414
2020-09-16,17.300407925407928
2020-09-17,15.691067653276958
2020-09-18,16.495737789342442
2020-09-19,14.484062449178728
2020-09-20,14.484062449178728
2020-09-21,18.909748197538896
2020-09-22,18.909748197538896
2020-09-23,18.105078061473414
2020-09-24,15.691067653276958
2020-09-25,18.105078061473414
2020-09-26,15.691067653276958
2020-09-27,16.495737789342442
2020-09-28,20.519088469669867
2020-09-29,22.53076380983358
2020-09-30,18.105078061473414
2020-10-01,17.300407925407928
2020-10-02,40.23350680327425
2020-10-03,28.968124898357456
2020-10-04,26.554114490161005
2020-10-05,27.761119694259236
2020-10-06,26.151779422128264
2020-10-07,25.74944435409552
2020-10-08,21.323758605735353
2020-10-09,20.92142353770261
2020-10-10,16.898072857375183
2020-10-11,16.495737789342442
2020-10-12,18.507413129506155
2020-10-13,20.92142353770261
2020-10-14,17.70274299344067
2020-10-15,17.70274299344067
2020-10-16,19.31208326557164
2020-10-17,16.093402721309698
2020-10-18,18.105078061473414
2020-10-19,21.323758605735353
2020-10-20,22.12842874180084
2020-10-21,20.519088469669867
2020-10-22,18.909748197538896
2020-10-23,18.507413129506155
2020-10-24,18.507413129506155
2020-10-25,20.116753401637126
2020-10-26,21.726093673768094
2020-10-27,22.933098877866325
2020-10-28,24.944774218030037
2020-10-29,20.519088469669867
2020-10-30,22.12842874180084
2020-10-31,20.519088469669867
2020-11-01,22.12842874180084
2020-11-02,21.726093673768094
2020-11-03,19.31208326557164
2020-11-04,12.070052040982276
2020-11-05,14.484062449178728
2020-11-06,17.300407925407928
2020-11-07,17.70274299344067
2020-11-08,18.507413129506155
2020-11-09,28.968124898357456
2020-11-10,28.968124898357456
2020-11-11,32.991475578684884
2020-11-12,31.382135306553916
2020-11-13,37.01482625901231
2020-11-14,33.79614571475037
2020-11-15,34.520348837209305
2020-11-16,40.79677589852009
2020-11-17,41.31981148696266
2020-11-18,41.31981148696266
2020-11-19,37.13552677942213
2020-11-20,39.75070472163495
2020-11-21,38.181597956307264
2020-11-22,36.089455602537
2020-11-23,40.79677589852009
2020-11-24,37.13552677942213
2020-11-25,32.95124207188161
2020-11-26,23.01356589147287
2020-11-27,24.582672656800565
2020-11-28,28.76695736434109
2020-11-29,27.19785059901339
2020-11-30,30.336064129668785
2020-12-01,31.382135306553916
2020-12-02,29.28999295278365
2020-12-03,29.28999295278365
2020-12-04,31.905170894996477
2020-12-05,28.76695736434109
2020-12-06,29.28999295278365
2020-12-07,32.95124207188161
2020-12-08,32.42820648343904
2020-12-09,33.47427766032418
2020-12-10,30.336064129668785
2020-12-11,32.42820648343904
2020-12-12,29.28999295278365
2020-12-13,27.720886187455957
2020-12-14,31.905170894996477
2020-12-15,30.336064129668785
2020-12-16,25.628743833685697
2020-12-17,23.536601479915433
2020-12-18,29.813028541226217
2020-12-19,30.85909971811135
2020-12-20,33.47427766032418
2020-12-21,40.79677589852009
2020-12-22,37.13552677942213
2020-12-23,33.99731324876674
2020-12-24,25.628743833685697
2020-12-25,23.01356589147287
2020-12-26,28.76695736434109
2020-12-27,31.382135306553916
2020-12-28,37.13552677942213
2020-12-29,36.61249119097956
2020-12-30,38.704633544749825
2020-12-31,35.043384425651865
2021-01-01,29.813028541226217
2021-01-02,32.95124207188161
2021-01-03,34.520348837209305
2021-01-04,39.75070472163495
2021-01-05,40.79677589852009
2021-01-06,34.520348837209305
2021-01-07,29.813028541226217
2021-01-08,33.47427766032418
2021-01-09,32.42820648343904
2021-01-10,37.6585623678647
2021-01-11,46.02713178294574
2021-01-12,50.21141649048626
2021-01-13,50.734452078928825
2021-01-14,52.30355884425653
2021-01-15,43.93498942917548
2021-01-16,41.31981148696266
2021-01-17,37.6585623678647
2021-01-18,42.888918252290345
2021-01-19,43.93498942917548
2021-01-20,35.043384425651865
2021-01-21,35.043384425651865
2021-01-22,36.089455602537
2021-01-23,35.56642001409443
2021-01-24,34.520348837209305
2021-01-25,39.75070472163495
2021-01-26,37.13552677942213
2021-01-27,32.42820648343904
2021-01-28,36.61249119097956
2021-01-29,35.043384425651865
2021-01-30,34.520348837209305
2021-01-31,28.76695736434109
2021-02-01,23.61918604651163
2021-02-02,27.25290697674419
2021-02-03,32.09786821705426
2021-02-04,33.91472868217054
2021-02-05,35.731589147286826
2021-02-06,35.12596899224806
2021-02-07,27.25290697674419
2021-02-08,34.520348837209305
2021-02-09,39.970930232558146
2021-02-10,32.70348837209303
2021-02-11,43.604651162790695
2021-02-12,38.759689922480625
2021-02-13,30.886627906976745
2021-02-14,33.91472868217054
2021-02-15,41.18217054263566
2021-02-16,38.759689922480625
2021-02-17,34.520348837209305
2021-02-18,31.492248062015506
2021-02-19,30.886627906976745
2021-02-20,31.492248062015506
2021-02-21,30.886627906976745
2021-02-22,36.33720930232558
2021-02-23,36.33720930232558
2021-02-24,33.91472868217054
2021-02-25,38.15406976744186
2021-02-26,38.15406976744186
2021-02-27,39.36531007751938
2021-02-28,38.15406976744186
2021-03-01,39.970930232558146
2021-03-02,39.970930232558146
2021-03-03,33.309108527131784
2021-03-04,39.36531007751938
2021-03-05,38.15406976744186
2021-03-06,40.576550387596896
2021-03-07,36.94282945736435
2021-03-08,41.787790697674424
2021-03-09,46.632751937984494
2021-03-10,43.604651162790695
2021-03-11,41.787790697674424
2021-03-12,39.36531007751938
2021-03-13,32.09786821705426
2021-03-14,35.12596899224806
2021-03-15,39.36531007751938
2021-03-16,39.36531007751938
2021-03-17,34.520348837209305
2021-03-18,35.731589147286826
2021-03-19,34.520348837209305
2021-03-20,33.91472868217054
2021-03-21,33.309108527131784
2021-03-22,41.18217054263566
2021-03-23,44.21027131782946
2021-03-24,32.09786821705426
2021-03-25,38.15406976744186
2021-03-26,36.33720930232558
2021-03-27,35.731589147286826
2021-03-28,32.70348837209303
2021-03-29,46.632751937984494
2021-03-30,53.900193798449614
2021-03-31,35.731589147286826
2021-04-01,43.604651162790695
2021-04-02,37.548449612403104
2021-04-03,32.09786821705426
2021-04-04,31.492248062015506
2021-04-05,39.36531007751938
2021-04-06,60.562015503875976
2021-04-07,39.970930232558146
2021-04-08,33.91472868217054
2021-04-09,31.492248062015506
2021-04-10,27.858527131782946
2021-04-11,25.436046511627907
2021-04-12,28.464147286821706
2021-04-13,32.09786821705426
2021-04-14,23.61918604651163
2021-04-15,24.83042635658915
2021-04-16,24.22480620155039
2021-04-17,23.01356589147287
2021-04-18,22.407945736434108
2021-04-19,28.464147286821706
2021-04-20,25.83979328165375
2021-04-21,20.59108527131783
2021-04-22,22.609819121447032
2021-04-23,22.609819121447032
2021-04-24,23.01356589147287
2021-04-25,21.802325581395348
2021-04-26,26.243540051679588
2021-04-27,27.051033591731265
2021-04-28,20.18733850129199
2021-04-29,23.01356589147287
2021-04-30,21.39857881136951
2021-05-01,40.37467700258398
2021-05-02,25.436046511627907
2021-05-03,22.20607235142119
2021-05-04,20.99483204134367
2021-05-05,18.572351421188632
2021-05-06,16.149870801033593
2021-05-07,17.764857881136955
2021-05-08,14.131136950904393
2021-05-09,16.55361757105943
2021-05-10,21.802325581395348
2021-05-11,21.39857881136951
2021-05-12,18.572351421188632
2021-05-13,23.01356589147287
2021-05-14,22.20607235142119
2021-05-15,19.379844961240313
2021-05-16,17.764857881136955
2021-05-17,20.99483204134367
2021-05-18,21.802325581395348
2021-05-19,17.361111111111114
2021-05-20,17.764857881136955
2021-05-21,16.55361757105943
2021-05-22,16.149870801033593
2021-05-23,16.55361757105943
2021-05-24,18.16860465116279
2021-05-25,18.976098191214472
2021-05-26,14.534883720930234
2021-05-27,14.131136950904393
2021-05-28,12.919896640826876
2021-05-29,11.708656330749355
2021-05-30,10.901162790697674
2021-05-31,12.919896640826876
2021-06-01,15.342377260981912
2021-06-02,12.919896640826876
2021-06-03,14.131136950904393
2021-06-04,13.323643410852714
2021-06-05,11.304909560723516
2021-06-06,11.708656330749355
2021-06-07,13.323643410852714
2021-06-08,13.727390180878555
2021-06-09,12.516149870801035
2021-06-10,12.919896640826876
2021-06-11,13.323643410852714
2021-06-12,10.497416020671835
2021-06-13,10.901162790697674
2021-06-14,13.727390180878555
2021-06-15,16.149870801033593
2021-06-16,12.919896640826876
2021-06-17,12.112403100775195
2021-06-18,11.304909560723516
2021-06-19,10.497416020671835
2021-06-20,10.093669250645995
2021-06-21,12.919896640826876
2021-06-22,13.323643410852714
2021-06-23,10.901162790697674
2021-06-24,11.708656330749355
2021-06-25,10.093669250645995
2021-06-26,10.901162790697674
2021-06-27,10.497416020671835
2021-06-28,12.516149870801035
2021-06-29,12.919896640826876
2021-06-30,9.286175710594316
2021-07-01,10.093669250645995
2021-07-02,10.093669250645995
2021-07-03,8.882428940568477
2021-07-04,8.478682170542635
2021-07-05,10.901162790697674
2021-07-06,13.323643410852714
2021-07-07,11.337209302325583
2021-07-08,13.08139534883721
2021-07-09,12.645348837209303
2021-07-10,11.337209302325583
2021-07-11,10.465116279069768
2021-07-12,15.261627906976747
2021-07-13,15.69767441860465
2021-07-14,14.389534883720934
2021-07-15,17.441860465116278
2021-07-16,17.87790697674419
2021-07-17,17.005813953488374
2021-07-18,17.005813953488374
2021-07-19,20.058139534883722
2021-07-20,20.49418604651163
2021-07-21,18.313953488372096
2021-07-22,20.930232558139537
2021-07-23,20.058139534883722
2021-07-24,18.313953488372096
2021-07-25,19.622093023255815
2021-07-26,22.674418604651166
2021-07-27,25.726744186046513
2021-07-28,22.23837209302326
2021-07-29,24.41860465116279
2021-07-30,20.930232558139537
2021-07-31,18.313953488372096
2021-08-01,21.366279069767444
2021-08-02,27.03488372093023
2021-08-03,34.01162790697675
2021-08-04,43.604651162790695
2021-08-05,37.93604651162791
2021-08-06,28.343023255813954
2021-08-07,26.16279069767442
2021-08-08,29.21511627906977
2021-08-09,31.831395348837216
2021-08-10,32.70348837209303
2021-08-11,26.16279069767442
2021-08-12,29.651162790697676
2021-08-13,28.779069767441868
2021-08-14,28.343023255813954
2021-08-15,24.8546511627907
2021-08-16,30.523255813953494
2021-08-17,30.08720930232558
2021-08-18,26.16279069767442
2021-08-19,28.343023255813954
2021-08-20,27.906976744186046
2021-08-21,23.110465116279073
2021-08-22,21.802325581395348
2021-08-23,29.21511627906977
2021-08-24,30.959302325581394
2021-08-25,25.290697674418606
2021-08-26,28.343023255813954
2021-08-27,23.110465116279073
2021-08-28,22.23837209302326
2021-08-29,22.23837209302326
2021-08-30,21.366279069767444
2021-08-31,21.802325581395348
2021-09-01,34.01162790697675
2021-09-02,22.23837209302326
2021-09-03,21.366279069767444
2021-09-04,20.058139534883722
2021-09-05,19.622093023255815
2021-09-06,20.49418604651163
2021-09-07,25.290697674418606
2021-09-08,21.366279069767444
2021-09-09,23.546511627906977
2021-09-10,22.23837209302326
2021-09-11,20.058139534883722
2021-09-12,19.186046511627907
2021-09-13,23.982558139534884
2021-09-14,23.110465116279073
2021-09-15,21.366279069767444
2021-09-16,20.49418604651163
2021-09-17,21.366279069767444
2021-09-18,20.49418604651163
2021-09-19,18.75
2021-09-20,23.546511627906977
2021-09-21,23.546511627906977
2021-09-22,18.75
2021-09-23,21.999999999999996
2021-09-24,20.5
2021-09-25,18.75
2021-09-26,17.0
2021-09-27,21.999999999999996
2021-09-28,21.5
2021-09-29,16.25
2021-09-30,20.25
2021-10-01,16.75
2021-10-02,14.750000000000002
2021-10-03,14.249999999999998
2021-10-04,19.5
2021-10-05,18.75
2021-10-06,15.5
2021-10-07,16.25
2021-10-08,14.750000000000002
2021-10-09,13.0
2021-10-10,13.750000000000002
2021-10-11,15.749999999999996
2021-10-12,16.499999999999996
2021-10-13,17.0
2021-10-14,15.5
2021-10-15,15.0
2021-10-16,12.5
2021-10-17,10.999999999999998
2021-10-18,16.0
2021-10-19,16.0
2021-10-20,14.499999999999998
2021-10-21,14.249999999999998
2021-10-22,14.249999999999998
2021-10-23,12.0
2021-10-24,11.75
2021-10-25,16.0
2021-10-26,15.749999999999996
2021-10-27,14.750000000000002
2021-10-28,14.750000000000002
2021-10-29,13.249999999999998
2021-10-30,10.75
2021-10-31,10.0
2021-11-01,13.999999999999998
2021-11-02,15.0
2021-11-03,13.750000000000002
2021-11-04,17.0
2021-11-05,17.5
2021-11-06,14.499999999999998
2021-11-07,13.999999999999998
2021-11-08,16.499999999999996
2021-11-09,17.5
2021-11-10,14.750000000000002
2021-11-11,16.499999999999996
2021-11-12,15.25
2021-11-13,14.249999999999998
2021-11-14,14.249999999999998
2021-11-15,17.25
2021-11-16,19.25
2021-11-17,17.0
2021-11-18,18.25
2021-11-19,18.25
2021-11-20,17.75
2021-11-21,17.25
2021-11-22,19.25
2021-11-23,21.25
2021-11-24,15.0
2021-11-25,13.750000000000002
2021-11-26,21.0
2021-11-27,24.5
2021-11-28,23.25
2021-11-29,22.5
2021-11-30,19.5
2021-12-01,19.25
2021-12-02,21.5
2021-12-03,24.0
2021-12-04,23.0
2021-12-05,20.25
2021-12-06,24.5
2021-12-07,25.0
2021-12-08,21.75
2021-12-09,21.999999999999996
2021-12-10,25.0
2021-12-11,21.999999999999996
2021-12-12,21.0
2021-12-13,30.0
2021-12-14,34.0
2021-12-15,35.0
2021-12-16,51.0
2021-12-17,57.99999999999999
2021-12-18,62.0
2021-12-19,62.0
2021-12-20,75.0
2021-12-21,83.0
2021-12-22,73.0
2021-12-23,75.99999999999999
2021-12-24,67.0
2021-12-25,59.00000000000001
2021-12-26,75.0
2021-12-27,87.0
2021-12-28,100.0
2021-12-29,73.0
2021-12-30,69.0
2021-12-31,60.0
2022-01-01,52.0
2022-01-02,62.999999999999986
2022-01-03,75.99999999999999
2022-01-04,78.0
2022-01-05,65.99999999999999
2022-01-06,60.0
2022-01-07,49.0
2022-01-08,48.0
2022-01-09,45.0
2022-01-10,46.0
2022-01-11,45.0
2022-01-12,39.0
2022-01-13,37.99999999999999
2022-01-14,34.0
2022-01-15,30.0
2022-01-16,27.999999999999996
2022-01-17,28.999999999999996
2022-01-18,41.0
2022-01-19,50.0
2022-01-20,49.0
2022-01-21,46.0
2022-01-22,31.0
2022-01-23,21.0
2022-01-24,23.0
2022-01-25,21.0
2022-01-26,18.999999999999996
2022-01-27,18.999999999999996
2022-01-28,17.0
2022-01-29,15.0
2022-01-30,16.0
2022-01-31,17.0
2022-02-01,16.0
2022-02-02,15.0
2022-02-03,15.0
2022-02-04,15.0
2022-02-05,13.0
2022-02-06,12.0
2022-02-07,16.0
2022-02-08,16.0
2022-02-09,15.0
2022-02-10,13.999999999999998
2022-02-11,13.999999999999998
2022-02-12,10.999999999999998
2022-02-13,10.999999999999998
2022-02-14,13.0
2022-02-15,13.999999999999998
2022-02-16,13.999999999999998
2022-02-17,13.999999999999998
2022-02-18,13.0
2022-02-19,10.999999999999998
2022-02-20,12.0
2022-02-21,13.0
2022-02-22,13.0
2022-02-23,12.0
2022-02-24,10.999999999999998
2022-02-25,10.0
2022-02-26,10.271604938271606
2022-02-27,9.950617283950617
2022-02-28,11.876543209876543
2022-03-01,11.555555555555557
2022-03-02,11.555555555555557
2022-03-03,11.074074074074074
2022-03-04,10.11111111111111
2022-03-05,8.666666666666668
2022-03-06,9.308641975308642
2022-03-07,12.037037037037036
2022-03-08,10.91358024691358
2022-03-09,10.11111111111111
2022-03-10,10.271604938271606
2022-03-11,9.308641975308642
2022-03-12,8.987654320987653
2022-03-13,9.148148148148149
2022-03-14,13.0
2022-03-15,13.962962962962964
2022-03-16,12.358024691358025
2022-03-17,11.555555555555557
2022-03-18,11.716049382716049
2022-03-19,10.271604938271606
2022-03-20,9.148148148148149
2022-03-21,11.876543209876543
2022-03-22,12.518518518518517
2022-03-23,11.234567901234566
2022-03-24,10.271604938271606
2022-03-25,9.469135802469136
2022-03-26,9.148148148148149
2022-03-27,9.308641975308642
2022-03-28,10.753086419753087
2022-03-29,12.197530864197532
2022-03-30,13.0
2022-03-31,11.716049382716049
2022-04-01,10.4320987654321
2022-04-02,9.950617283950617
2022-04-03,10.4320987654321
2022-04-04,13.0
2022-04-05,12.679012345679011
2022-04-06,12.037037037037036
2022-04-07,13.481481481481481
2022-04-08,12.518518518518517
2022-04-09,12.358024691358025
2022-04-10,12.679012345679011
2022-04-11,16.049382716049383
2022-04-12,14.60493827160494
2022-04-13,13.320987654320987
2022-04-14,13.481481481481481
2022-04-15,13.320987654320987
2022-04-16,12.037037037037036
2022-04-17,10.91358024691358
2022-04-18,14.444444444444446
2022-04-19,14.444444444444446
2022-04-20,12.839506172839506
2022-04-21,12.197530864197532
2022-04-22,11.716049382716049
2022-04-23,11.074074074074074
2022-04-24,10.4320987654321
2022-04-25,12.679012345679011
2022-04-26,13.0
2022-04-27,12.518518518518517
2022-04-28,12.197530864197532
2022-04-29,10.592592592592592
2022-04-30,10.91358024691358
2022-05-01,10.271604938271606
2022-05-02,13.481481481481481
2022-05-03,12.037037037037036
2022-05-04,12.037037037037036
2022-05-05,13.160493827160494
2022-05-06,13.320987654320987
2022-05-07,13.481481481481481
2022-05-08,12.358024691358025
2022-05-09,16.049382716049383
2022-05-10,16.049382716049383
2022-05-11,15.567901234567902
2022-05-12,15.407407407407408
2022-05-13,14.28395061728395
2022-05-14,14.765432098765432
2022-05-15,13.11711711711712
2022-05-16,15.615615615615615
2022-05-17,20.82082082082082
2022-05-18,17.905905905905907
2022-05-19,17.489489489489493
2022-05-20,15.615615615615615
2022-05-21,14.15815815815816
2022-05-22,13.11711711711712
2022-05-23,14.990990990990994
2022-05-24,14.366366366366368
2022-05-25,12.492492492492493
2022-05-26,12.908908908908911
2022-05-27,12.076076076076077
2022-05-28,10.202202202202205
2022-05-29,10.826826826826826
2022-05-30,11.867867867867869
2022-05-31,12.908908908908911
2022-06-01,13.325325325325327
2022-06-02,11.65965965965966
2022-06-03,10.41041041041041
2022-06-04,9.161161161161163
2022-06-05,9.785785785785787
2022-06-06,10.826826826826826
2022-06-07,10.41041041041041
2022-06-08,9.993993993993994
2022-06-09,9.369369369369371
2022-06-10,11.65965965965966
2022-06-11,9.161161161161163
2022-06-12,7.703703703703704
2022-06-13,9.57757757757758
2022-06-14,9.369369369369371
2022-06-15,10.202202202202205
2022-06-16,9.161161161161163
2022-06-17,8.744744744744747
2022-06-18,8.32832832832833
2022-06-19,7.911911911911913
2022-06-20,9.785785785785787
2022-06-21,9.993993993993994
2022-06-22,9.993993993993994
2022-06-23,8.952952952952954
2022-06-24,8.744744744744747
2022-06-25,8.32832832832833
2022-06-26,8.32832832832833
2022-06-27,9.993993993993994
2022-06-28,9.57757757757758
2022-06-29,10.618618618618619
2022-06-30,10.826826826826826
2022-07-01,9.993993993993994
2022-07-02,8.744744744744747
2022-07-03,10.41041041041041
2022-07-04,9.161161161161163
2022-07-05,10.826826826826826
2022-07-06,11.243243243243244
2022-07-07,11.867867867867869
2022-07-08,12.076076076076077
2022-07-09,11.451451451451453
2022-07-10,10.202202202202205
2022-07-11,12.492492492492493
2022-07-12,12.492492492492493
2022-07-13,11.65965965965966
2022-07-14,10.41041041041041
2022-07-15,10.826826826826826
2022-07-16,9.369369369369371
2022-07-17,10.202202202202205
2022-07-18,11.243243243243244
2022-07-19,11.451451451451453
2022-07-20,11.451451451451453
2022-07-21,13.741741741741741
2022-07-22,10.826826826826826
2022-07-23,9.369369369369371
2022-07-24,9.57757757757758
2022-07-25,11.451451451451453
2022-07-26,10.41041041041041
2022-07-27,9.785785785785787
2022-07-28,9.993993993993994
2022-07-29,8.744744744744747
2022-07-30,8.952952952952954
2022-07-31,9.161161161161163
2022-08-01,9.61921921921922
2022-08-02,8.932132132132134
2022-08-03,8.35955955955956
2022-08-04,8.130530530530532
2022-08-05,8.932132132132134
2022-08-06,7.557957957957958
2022-08-07,7.786986986986988
2022-08-08,8.016016016016017
2022-08-09,8.016016016016017
2022-08-10,7.32892892892893
2022-08-11,8.130530530530532
2022-08-12,8.130530530530532
2022-08-13,7.32892892892893
2022-08-14,7.557957957957958
2022-08-15,7.901501501501504
2022-08-16,8.817617617617618
2022-08-17,8.130530530530532
2022-08-18,7.901501501501504
2022-08-19,7.443443443443444
2022-08-20,8.130530530530532
2022-08-21,7.443443443443444
2022-08-22,7.32892892892893
2022-08-23,7.32892892892893
2022-08-24,7.557957957957958
2022-08-25,7.214414414414416
2022-08-26,6.985385385385387
2022-08-27,6.641841841841842
2022-08-28,6.756356356356356
2022-08-29,8.016016016016017
2022-08-30,7.557957957957958
2022-08-31,8.130530530530532
2022-09-01,6.412812812812814
2022-09-02,6.5273273273273285
2022-09-03,6.412812812812814
2022-09-04,6.412812812812814
2022-09-05,7.214414414414416
2022-09-06,6.985385385385387
2022-09-07,7.214414414414416
2022-09-08,7.6724724724724735
2022-09-09,6.870870870870872
2022-09-10,6.298298298298299
2022-09-11,5.954754754754756
2022-09-12,7.214414414414416
2022-09-13,7.214414414414416
2022-09-14,7.901501501501504
2022-09-15,7.443443443443444
2022-09-16,7.443443443443444
2022-09-17,6.870870870870872
2022-09-18,7.32892892892893
2022-09-19,8.58858858858859
2022-09-20,8.130530530530532
2022-09-21,8.130530530530532
2022-09-22,7.443443443443444
2022-09-23,7.443443443443444
2022-09-24,6.5273273273273285
2022-09-25,6.641841841841842
2022-09-26,7.443443443443444
2022-09-27,7.6724724724724735
2022-09-28,6.985385385385387
2022-09-29,6.985385385385387
2022-09-30,6.06926926926927
2022-10-01,6.298298298298299
2022-10-02,5.611211211211212
2022-10-03,6.298298298298299
2022-10-04,6.756356356356356
2022-10-05,6.985385385385387
2022-10-06,6.985385385385387
2022-10-07,6.870870870870872
2022-10-08,6.183783783783785
2022-10-09,6.412812812812814
2022-10-10,6.756356356356356
2022-10-11,7.099899899899902
2022-10-12,7.214414414414416
2022-10-13,7.32892892892893
2022-10-14,6.5273273273273285
2022-10-15,6.298298298298299
2022-10-16,6.412812812812814
2022-10-17,7.099899899899902
2022-10-18,7.300740740740743
2022-10-19,7.300740740740743
2022-10-20,7.1034234234234255
2022-10-21,7.300740740740743
2022-10-22,6.018178178178179
2022-10-23,6.116836836836838
2022-10-24,6.906106106106108
2022-10-25,6.807447447447449
2022-10-26,6.807447447447449
2022-10-27,6.511471471471474
2022-10-28,6.412812812812814
2022-10-29,5.820860860860861
2022-10-30,5.623543543543545
2022-10-31,6.511471471471474
2022-11-01,5.820860860860861
2022-11-02,5.2289089089089105
2022-11-03,6.3141541541541555
2022-11-04,5.623543543543545
2022-11-05,6.511471471471474
2022-11-06,5.722202202202204
2022-11-07,6.6101301301301305
2022-11-08,5.820860860860861
2022-11-09,5.919519519519521
2022-11-10,6.215495495495497
2022-11-11,6.018178178178179
2022-11-12,5.820860860860861
2022-11-13,5.327567567567568
2022-11-14,6.215495495495497
2022-11-15,6.116836836836838
2022-11-16,5.623543543543545
2022-11-17,6.018178178178179
2022-11-18,5.722202202202204
2022-11-19,5.623543543543545
2022-11-20,5.524884884884886
2022-11-21,5.820860860860861
2022-11-22,6.116836836836838
2022-11-23,6.116836836836838
2022-11-24,5.722202202202204
2022-11-25,5.820860860860861
2022-11-26,6.018178178178179
2022-11-27,6.215495495495497
2022-11-28,7.202082082082084
2022-11-29,6.70878878878879
2022-11-30,6.6101301301301305
2022-12-01,5.820860860860861
2022-12-02,5.623543543543545
2022-12-03,5.524884884884886
2022-12-04,5.524884884884886
2022-12-05,6.6101301301301305
2022-12-06,6.6101301301301305
2022-12-07,7.004764764764766
2022-12-08,7.004764764764766
2022-12-09,6.807447447447449
2022-12-10,6.906106106106108
2022-12-11,6.807447447447449
2022-12-12,7.004764764764766
2022-12-13,6.807447447447449
2022-12-14,7.004764764764766
2022-12-15,9.865865865865867
2022-12-16,8.28732732732733
2022-12-17,6.906106106106108
2022-12-18,7.498058058058059
2022-12-19,7.3993993993994005
2022-12-20,7.892692692692695
2022-12-21,8.38598598598599
2022-12-22,8.18866866866867
2022-12-23,7.794034034034036
2022-12-24,7.794034034034036
2022-12-25,6.807447447447449
2022-12-26,7.3993993993994005
2022-12-27,7.892692692692695
2022-12-28,8.681961961961964
2022-12-29,8.18866866866867
2022-12-30,7.892692692692695
2022-12-31,6.70878878878879
